Comment_Body,Author,Upvotes,Awards,Date
"
To reduce the spam of reports regarding the same move during transfer windows we try to allow **only one submission about each transfer saga per day**. The submission in question also needs to contain relevant new information regarding the potential move, and not just being a ""no/minor developments"" report.   

If there are important/official developments or new valuable information about a saga, we will allow extra threads in the same day, but for the rest of minor news please just comment them as a reply to this comment. Please help us reporting unnecessary threads for being duplicates. 

*I am a bot, and this action was performed automatically. Please [contact the moderators of this subreddit](/message/compose/?to=/r/soccer) if you have any questions or concerns.*",AutoModerator,1,0,2023-07-23 19:36:53
"So, they have Zaha, Icardi and Zaniolo upfront? Nice.",jay_alfred_prufrock,278,0,2023-07-23 19:40:26
This dude rejected huge salary deals from Saudi clubs to stay with us. Incredible.,ariposaa,134,0,2023-07-23 19:42:07
Huge transfer for Galatasaray. Was incredible last season and hoping he can continue his form in the CL this year.,Kilieks,46,0,2023-07-23 19:40:18
This has been a *very* pleasant Sunday.,kuboa,38,0,2023-07-23 19:52:06
Enjoy him! I'll be rooting for Gala,DyMa_Nyx,66,0,2023-07-23 19:50:51
I needed these news after the Zaha transfer,apotre,27,0,2023-07-23 19:42:05
"‚óâ Contract until June 2026.

‚óâ ‚Ç¨10m fee to Paris Saint-Germain.

[‚óâ Deal now signed between all parties.](https://twitter.com/FabrizioRomano/status/1683201212168953857)

Mauro Icardi to Galatasaray, completed three weeks ago and now sealed üü°üî¥

Wilfried Zaha will also sign his three year deal at Gala soon.",kuboa,25,0,2023-07-23 19:57:21
Damn this team can really go far in the champions league and can even win in the europa league,Leading_Inside3812,22,0,2023-07-23 19:55:50
"Good job to Gala man, props for real. When I was a kid i thought this was impossible, but they actually fn helped me retire from being a hardcore FB fan(yes even a tattoo). 25 years of self inflicted torture came to an end about 3 years ago thanks to their great determination.",Kooky-Tomatillo9981,18,0,2023-07-23 20:04:02
"Holy shit after all that play hard to get thing (or at least what looked like so) I thought he wouldn't come back. Gala are cooking something special. I always found it amusing when fans called him ""man of love"" but he proved he is totally one lol. It's impressive they are able to bring together a legit CL QF contender when Turkish economy is in the toilet.",Rigelmeister,14,0,2023-07-23 20:14:02
Galatasaray must win the league now.,CrowCreative6772,10,0,2023-07-23 20:05:10
What a weird career he‚Äôs had.,Cmoore4099,3,0,2023-07-23 20:38:21
official source?,NotaSTASIagent,2,0,2023-07-23 19:47:32
Here Wanda Go!,solblurgh,1,0,2023-07-23 23:46:09
Once again this man made me forget all my troubles away,kudurix,1,0,2023-07-24 20:49:23
10 dakika √∂nce artƒ±k gelmeyecek bence demi≈ütim daha ne yapayƒ±m sizin i√ßin,apotre,32,0,2023-07-23 19:32:45
can we make today a holiday or something?,Interesting-Mix-5281,16,0,2023-07-23 19:35:25
"Taylan Berkan Cicaldau Babel Emre Kilinc Mostafa¬¥li takimdan nerelere geldik amk.

1 secime Los Galacticos olduk

Fuck you Belmas TY Erden",shadowknave123,15,0,2023-07-23 19:55:15
Romano [doesn‚Äôt miss](https://twitter.com/FabrizioRomano/status/1683197954037886981) the party of course,bllshrfv,3,0,2023-07-23 19:34:40
He actually tweet about it [in Turkish](https://twitter.com/DiMarzio/status/1683197809997099008) too lol,bllshrfv,1,0,2023-07-23 19:32:51
Deja vu,ImTurkishDelight,1,0,2023-07-23 19:37:43
GOOOOOOOOL,papiturco,1,0,2023-07-23 19:40:35
![gif](giphy|r9ORAps6m4CPe),MimoGear_5,1,0,2023-07-23 19:59:30
![gif](giphy|4OowbIsmYHbpu),MimoGear_5,1,0,2023-07-23 19:59:42
Next one is FRED!,onlygray1,1,0,2023-07-23 20:23:41
"Eden Timur‚Äôun listemizde yok, butcemiz onemli dedikten sonra Zaha ucagi inince hali.

![gif](giphy|3ornkapBmuASBsJKBq)",onlygray1,1,0,2023-07-23 20:28:14
So how do we know this one is actually real?,Notyourregularthrow,1,0,2023-07-23 23:08:53
"
To reduce the spam of reports regarding the same move during transfer windows we try to allow **only one submission about each transfer saga per day**. The submission in question also needs to contain relevant new information regarding the potential move, and not just being a ""no/minor developments"" report.   

If there are important/official developments or new valuable information about a saga, we will allow extra threads in the same day, but for the rest of minor news please just comment them as a reply to this comment. Please help us reporting unnecessary threads for being duplicates. 

*I am a bot, and this action was performed automatically. Please [contact the moderators of this subreddit](/message/compose/?to=/r/soccer) if you have any questions or concerns.*",AutoModerator,1,0,2023-07-09 10:08:22
"I guess Icardi was really happy at Galatasaray, good for them.",jay_alfred_prufrock,393,0,2023-07-09 10:15:53
"I think both sides win here.

Icardi definitely threw away what was a hugely promising career though",777715174,436,0,2023-07-09 10:10:08
That is a lot of money for gala,jadedwolf1618,114,0,2023-07-09 10:29:25
"Fabrizio is really the greatest Galatasaray fan. For the last few months he was doing everything he can to pull Arda G√ºler away from Fener, now he's bringing Icardi and Angeli√±o to Gala...

The man knows how to cook.",IsIt77,75,0,2023-07-09 11:42:15
"Guys, was I suppose to call a doctor after 4 hours or 5 hours?",alozz,42,0,2023-07-09 12:24:04
"Can we talk about Galatasaray pull power as well lmao. Jokes aside the culture is revived in this club, playing for a european title or at least trying to progress as much in CL should be the goal while being sustainable financialy. This is a really high tier group of players with veterans and a younger group. Icardi rejecting tens of millions of euroes to stay here is massive as well. People should realise here that winning titles, living in a good city, playing in a big club with european football is a lot to take into account. I do believe icardi has a few more world class years ahead of him and i would argue since burak,drogba,sneijder we have the most dangerous squad to push top tier teams in europe. Angelino should be next altough he is a luxury player for us.",HolyMin,109,0,2023-07-09 10:52:46
Fuck it we are winning cl,EE475,81,0,2023-07-09 10:25:58
"Icardi still got it. Great transfer for Gala fans, he will cook in the CL. 

I will be there.",shico12,43,0,2023-07-09 10:50:17
"Always rated him. Wanted him to join PL years ago but some things are not meant to be.  


Have him and the wifey broke up? Havent heard much about them for a while.",Donkuba,10,0,2023-07-09 12:51:02
"What a way to start the day!

You refresh Twitter and you see Fabrizio tweeting 10 seconds ago about this transfer. 

Yesterday about Angelino. 

Its good to be a Galatasaray fan! 
According to the Turkish media, this transfer would be hard as Icardi was getting offers from Saudi Arabia for around 30 million euro a year.",GaIatasarayli,48,0,2023-07-09 10:11:07
"Icardi refused 4x deal from saudi‚Äôs and gonna play at gala! Here we fucking go. With angelinho, rashica and parades joining to zaniolo, torreira. I feel like gala can be underdog of the next cl.

Edit: how can i forget players like mertens, nelsson, boey‚Ä¶",SkyDefender,29,0,2023-07-09 10:53:38
Thats all good but i want to know whether he is with his wife or not?,MultiGoat,5,0,2023-07-09 11:31:43
Dont care. Now lets talk about Wanda.,demidemian,4,0,2023-07-09 11:50:19
"Is he the best foreign striker Gala has signed since Jardel? I mean I remember you guys had Baros, Drogba and Falcao but in terms of pure G/A, Icardi had an amazing season.",Malicharo,7,0,2023-07-09 13:22:18
"TIL he's only 30, wow",BlingxI3,11,0,2023-07-09 11:07:56
"Fuck yes !!! Please take Paredes too 

This is a blessed day and seems like a win for everyone.",AkaT27,11,0,2023-07-09 12:36:42
Parades is joining aswell. Angelino next.,smoke-gas42,10,0,2023-07-09 11:34:11
"Fener fans in shambles‚Ä¶

They‚Äôve sold almost the entire team",JakeTheTurk,16,0,2023-07-09 11:01:29
"Never have been spoken, dreams worthy of you before me",apotre,7,0,2023-07-09 12:21:20
This made my Summer! Such a great guy and a foltballer! Already a legend in our books!,a-pala,3,0,2023-07-09 14:06:04
"Surprised Roma didn't go for him, considering their inability to convert chances",Imoraswut,3,0,2023-07-09 18:06:30
Gala fans probably going mental over this. 10M is a bargain lmao,MT1120,3,0,2023-07-09 19:34:07
"Romano might get his biggest reaction from Twitter lmao.

Edit: Is 10 m for PSG or Icardi ?",powergs,4,0,2023-07-09 10:44:26
Galatasaray does really have a good squad.,Leading_Inside3812,4,0,2023-07-09 11:32:49
Finally!,kuboa,2,0,2023-07-09 10:56:34
I don't get why Juve isn't going for him. Sell Vlahovic to the PL and get Icardi!,ForzaJuventusFC,1,0,2023-07-09 11:25:07
"Icardi, there is name I've not heard in a long long time",mjc1027,0,0,2023-07-09 14:59:26
10m? Wow what happened to this guy.,CheapAd5607,-5,0,2023-07-09 12:24:08
Quite surprised he didn't look to move to Saudi league. Did he not get any offers?,funkybuddha_mtn,1,0,2023-07-09 12:44:33
"This is literally great news. No clue why Balotelli left after 1 season, he had similar success but left the scene for one of the most chaotic clubs in Europe",MERTENS_GOAT,1,0,2023-07-09 14:39:20
Here we go lol,Full_Moon_20,1,0,2023-07-09 17:58:03
![gif](giphy|huJmPXfeir5JlpPAx0),gorgonizedbyurTITS,24,0,2023-07-10 20:09:05
![gif](giphy|3ov9jTBpRJstTvoKIg|downsized),Bioalienos,15,0,2023-07-10 20:27:58
Metecan kim nasƒ±l g√ºvenilir bir kaynak anlamadƒ±m,apotre,10,0,2023-07-10 20:44:45
![gif](giphy|DYZop8mRm3VoA),pr0te0,3,0,2023-07-10 21:01:11
"I‚Äôm happy he‚Äôs coming back, but I really hope the club is managing the finances correctly, it would suck for us to get a European ban.",KurukTR,7,0,2023-07-10 20:35:59
"Every big money move eventually backfired. 

I hope we dont overspend to much. All good things aside, Icardi was never happy at any club for a longer period of time. Hope that he will still have resell value next year in case of emergency.",holy_maccaroni,9,0,2023-07-10 21:13:13
"He‚Äòs happy here and we matched, but I‚Äòm still afraid of giving him a 30-40 million ‚Ç¨ package. Wanda doesn‚Äôt wanna live in Istanbul and will probably be in Argentina most of the time. That long distance thing didn‚Äôt work too nicely last season. That toxic relationship will cause us problems from time to time 100%",BarbaraPalv1n,2,0,2023-07-11 00:34:23
Here we go for the second time? Are we staying here? Does the one cancel the other out?,ImTurkishDelight,1,0,2023-07-10 21:00:00
Welcome back home my sweet prince üëë üíõ‚ù§Ô∏è,IsThatAWeed_,55,0,2023-07-28 15:11:28
Gala are cooking,chromakeydreamcoat89,52,0,2023-07-28 15:46:20
"Icardi, Zaha, Mertens, Zaniolo is a nice front 4 to have.",mvp-a1,23,0,2023-07-28 18:59:48
"S√∂ylenmedi hi√ß sana layƒ±k du≈üler, benden √∂nce",defnot_ahmad,32,0,2023-07-28 16:02:17
Our social media team is on fire. Next up they'll have The Rock in an announcement video,AvrupaFatihi,39,0,2023-07-28 15:20:36
"I though galatasatay were in severe debt, how did they get to sign all these great players?",wagwamwagfam,25,0,2023-07-28 15:14:06
This isn't the official announcement yet but it should be coming soon.,apotre,3,0,2023-07-28 17:27:38
Not the best of news for us in the second match...,KarlWhale,3,0,2023-07-28 19:52:10
A,kuboa,5,0,2023-07-28 16:21:52
Hide your sisters.,Turkoop10,50,0,2023-07-23 19:40:53
≈ûu takƒ±mƒ±n kolayca ≈üampiyon olup Avrupa'da kupa zorlamasƒ± lazƒ±m. Aksi kabul edilemez,edited_by_crispr,37,0,2023-07-23 19:42:09
Incoming ‚Äúfeto karsiliyo bu maaslari‚Äù from fener fans brace yourselves. Insane amount of copium is about to flood Reddit,renterker10,27,0,2023-07-23 19:43:13
We got fed tonight boys. We got fuuuuucking fed,CaptainBatu20,16,0,2023-07-23 19:51:11
"![gif](giphy|l0HlPtbGpcnqa0fja)

I am cumming too",pr0te0,13,0,2023-07-23 20:06:30
"![gif](giphy|3o6gDSdED1B5wjC2Gc|downsized)

All of us after today",gorgonizedbyurTITS,8,0,2023-07-23 20:09:18
GOOOOOLLLLLLL,tinercifatih,5,0,2023-07-23 19:44:07
![gif](giphy|4OowbIsmYHbpu),MimoGear_5,3,0,2023-07-23 20:00:04
Fun fact: Yagiz said that Icardi got offered 30m per year 3 year contract from Saudis.,thirdplanetperson,3,0,2023-07-23 20:51:00
Hell yeah!!,AnUpperFlush,2,0,2023-07-23 20:04:06
"‚Ä¶ and zaha is coming. Yeah, we know. :D",NextViktory,2,0,2023-07-23 23:01:26
bug√ºn ku≈ülarin ≈üekilden ≈üekilde girip sonunda gene g√∂t olmalarƒ± :),capo_mt,1,0,2023-07-23 20:45:22
"I AM JUST AS HYPED AS THE FIRST TIME

ALLAAAAAAAAAAH",moriero,1,0,2023-07-23 20:51:46
te drog√°s,LakeSeaYesNo,38,0,2023-07-23 17:42:17
se droga,RuralDanny,35,0,2023-07-23 18:28:56
"Vos sabes que si este tipo viene a Boca puede ser un Daniel Osvaldo 2. Porque lo van a perseguir los periomierdas por todos lados, y eso lo va a afectar, como paso con Osvaldo, por tener una mujer famosa.",Caballeroyladron,22,0,2023-07-23 19:31:16
"No, no me drogo",Radgost,33,0,2023-07-23 17:19:05
Lotrai,A1000K-R,11,0,2023-07-23 18:20:14
"Antes que Cavani, si.",NJKEBOP,11,0,2023-07-23 18:57:28
larg√° la fa fa fa,Waterme_Argentina,4,0,2023-07-23 18:33:38
La camiseta vieja le da el toque.,Alfanauta,3,0,2023-07-23 19:49:33
quien dejo prendida la maquina de humo???,ignacio85r,3,0,2023-07-23 20:24:57
Pelea de gatos en los palcos entra la jermu de icardi y la de chiquito,Cosmic_Barrilet,5,0,2023-07-23 19:26:50
Ojal√° venga,fede_514,5,0,2023-07-23 17:45:47
"Ojala venga, si algo demostro el vago este en el ultimo a√±o es que en una liga medio pelo (Como la nuestra o la turca) es que el solo puede ser totalmente determinante",Pokemon_Trainer01,2,0,2023-07-23 22:04:31
Yo quiero de la que te fumas y m√°s vale que pegue duro,White-Monkey2407,1,0,2023-07-24 03:34:30
"ser√≠a una bomba , saldr√≠a m√°ximo goleador del torneo siempre",cabeza_de_term0,1,0,2023-07-24 09:17:58
 Good riddance and money,Harami98,16,0,2023-07-23 20:58:26
"One big salary gone, nice!",PSGContextModBot,5,0,2023-07-23 22:46:40
No bonus and no percentage on resale. Just 10 million.,PSGContextModBot,3,0,2023-07-24 00:40:48
What a waste of money he was.,KryptonianCode,3,0,2023-07-24 00:54:26
Galatasaray again start hiding your wife/Girlfriend,Pixeal_meat,2,0,2023-07-24 07:15:45
I guess Mbappe and Neymar are staying then.,lostn,4,0,2023-07-08 14:55:40
That‚Äôs a lot of people to sell‚Ä¶,PSGContextModBot,7,0,2023-07-08 13:56:00
" Ekitike makes no sense, all the talent none of the gametime. Build around him",[deleted],2,0,2023-07-08 23:13:12
this official? Why would we sell Ekitike after one season off the bench,SeyamTheDaddy,2,0,2023-07-08 17:34:49
"https://preview.redd.it/5cbfoyn0lreb1.jpeg?width=1080&format=pjpg&auto=webp&s=20b784ffe720ed2e5cf881e8bd42159ce614b222

Televizyonda ucak izlemek ne amk",enissw1ft,22,0,2023-07-28 20:18:49
4-0-6 formation coming up lesssssgoooo,sherlockbutholmes,18,0,2023-07-28 20:11:52
D√ºnyanƒ±n en mutlu insanƒ±yƒ±m bug√ºn.,tadelle,7,0,2023-07-28 20:10:05
What a terrible idea to create a megathread,alperpier,7,0,2023-07-29 01:18:55
"Spor Gecesi on YouTube is tracking the airplane live, honestly probably the best Turkish soccer program they keep it real",papiturco,4,0,2023-07-28 20:20:11
How do we watch his arrival? I have no option for a paid subscribe on YouTube.,DeezA123,4,0,2023-07-28 20:38:59
I hope there's some love for Wanda first. He's about to leave the plane,AvrupaFatihi,3,0,2023-07-28 20:46:20
Ngl this thread is ruining the hype,sooyoung__,9,0,2023-07-28 22:48:57
That hug with Erden üòçüòçüòç,AvrupaFatihi,6,0,2023-07-28 20:52:00
Lets gooooo,Kadd3,2,0,2023-07-28 20:07:04
"Soon it‚Äôs going to be 1-1-8

üòÇüòÇüòÇ",FatihKilic,2,0,2023-07-28 20:27:45
How do I track the flight,Kadd3,2,0,2023-07-28 20:30:59
How many people are there currently at the airport?,GaIatasarayli,2,0,2023-07-28 20:36:31
Be≈üikta≈ülƒ± hesaplar quresma kar≈üƒ±lamasƒ± daha iyidi demeye ba≈ülamƒ±≈ülar :D,SummerNecessary7149,1,0,2023-07-28 22:32:03
[deleted],[deleted],1,0,2023-07-28 20:53:10
Leonardo masterclass. And people say Campos is worse. At least we can resell the campos trash. Icardi cost like 60/70m including bonuses and we sell for 10m,bignutastro,10,0,2023-07-28 19:29:30
**How will Mauro Icardi be remembered in Paris SG history?**,ParisLake2,1,0,2023-07-28 19:25:23
" After being loaned out to Galatasaray for the 2022-2023 season, Mauro Icardi is joining the Turkish club on a permanent deal.

Born in Rosario (Argentina) in 1993, Mauro Icardi left his homeland at the age of 9 for the Spanish island of Gran Canaria and Union Deportiva Vecindario. Between the ages of 15 and 17, he continued his training at FC Barcelona.

In January 2011, the Argentinian striker moved to Sampdoria, where he made 33 appearances, scoring 11 goals and providing 4 assists. He took his career to the next level by signing for Inter Milan in July 2013. The striker scored 124 goals and provided 28 assists in 219 appearances for the Nerazzurri. His performances earned him Serie A's top scorer award in 2015 and 2018.

The Albiceleste international joined Paris Saint-Germain at the start of the 2019-2020 season. With the Rouge & Bleu, Mauro Icardi made 92 appearances, scoring 38 goals in the process. In three seasons with the club from the capital, he won two French Championships (2020 and 2022), two Coupe de France (2020 and 2021), one Coupe de la Ligue (2020) and two Troph√©es des Champions (2020 and 2022).

Having joined Galatasaray on loan in September 2022, Mauro Icardi enjoyed a successful season, scoring 23 times in 26 matches in all competitions and winning the Turkish league title. He also provided 8 assists for the Istanbul outfit.

Paris Saint-Germain wish Mauro all the best for the rest of his career.",ParisLake2,1,0,2023-07-28 19:26:24
"**Mirrors / Alternative Angles** 
  

*I am a bot, and this action was performed automatically. Please [contact the moderators of this subreddit](/message/compose/?to=/r/soccer) if you have any questions or concerns.*",AutoModerator,1,0,2023-06-04 17:37:19
He scored in all derbies now. Incredible season for him.,IamEkremImamyan,68,0,2023-06-04 17:42:13
abi pls leave Turkish league you are scaring me,BeautifulAlert5740,62,0,2023-06-04 17:38:49
Fener's shirt is gorgeous wow,bamadeo,17,0,2023-06-04 17:38:58
Gala fans can you explain to me how Icardi got his song that they play after he scores? Do all players get one?,Kenta18,14,0,2023-06-04 17:47:29
"Icardi, and scoring in a derby

name a better duo",jackn3,16,0,2023-06-04 18:28:50
Good news for my favorite team Be≈üikta≈ü to come in second.,ledim35,26,0,2023-06-04 17:37:47
How tf we gonna replace this guy? :(,point-forward,12,0,2023-06-04 18:00:08
"Deplasmanda √º√ß gol r√∂van≈üta iki

Fenerbah√ße ananƒ±n siki",besyuziki,17,0,2023-06-04 17:42:04
"Galasataray fans, how is Icardi doing?",wisakoy,20,0,2023-06-04 17:41:46
"**Mirrors / Alternative Angles** 
  

*I am a bot, and this action was performed automatically. Please [contact the moderators of this subreddit](/message/compose/?to=/r/soccer) if you have any questions or concerns.*",AutoModerator,1,0,2023-05-16 19:51:25
beautiful teamwork,sooyoung__,74,0,2023-05-16 19:53:18
"That interception by Nelsson is world class, stopped their attack and started ours with just one move",enisd1905,129,0,2023-05-16 19:55:23
Nelsson's release clause is too damn low man,heurtel,57,0,2023-05-16 20:17:14
"Ultimate poacher

The man's movement there was ü§å",King_Hobbes,94,0,2023-05-16 19:54:19
"It feels like every couple of days, there's a Mauro Icardi highlight on this sub. Has he really been lighting it up over there?",obinnasmg,84,0,2023-05-16 19:55:20
"Sooo much space, lol. I'll take it.

I'm gonna really miss Nelsson :/",kuboa,19,0,2023-05-16 20:50:11
"Side note 

What's with the hairnet?",King_Hobbes,16,0,2023-05-16 19:58:12
"How long until Gala win the league?  

I'm honestly confused about how many fixtures they have left.  Whoscored only says 1 but I think it's more.  I know Hatay and Gaziantep have confused things",SamH123,16,0,2023-05-16 22:06:11
what a build up..,floridali,5,0,2023-05-16 23:18:46
That‚Äôs an insane run and pass,mykneehurtsss,5,0,2023-05-17 06:23:28
Romano is taking the role of the clubs spokesperson,AvrupaFatihi,53,0,2023-07-13 09:11:29
Icardi in≈üallah bu kul√ºb√ºn efsanesi olacak beraber UEFA'yƒ± alacaƒüƒ±z,AttalusII,23,0,2023-07-13 09:55:55
Haydi bakalimüòÄüòÄ,Charisma1905,8,0,2023-07-13 09:29:47
Here we go?,ImTurkishDelight,5,0,2023-07-13 09:29:08
NOT IMMINENT ENOUGH!,Slardar,3,0,2023-07-13 14:19:12
Hmm. No here we go‚Ä¶,Commercial_Shirt8901,5,0,2023-07-13 09:33:18
Welcome Home Soldier ü´°,sanhal23,2,0,2023-07-13 11:16:28
Beklemedeyiz,Charisma1905,2,0,2023-07-13 12:41:28
Is this the best transfer in our history? This is close to hagi/Jardel/sneijder level,H_Mus,2,0,2023-07-13 15:01:59
Last chance to salvage his career!,gunnylakhsya,2,0,2023-07-13 15:26:46
All going towards mbappeüî•üî•üî• /s,Evelyn_pog,46,0,2023-07-24 19:53:17
not even enough for Zhang's one night of hookers and blows,SnooRegrets7921,9,0,2023-07-24 20:30:00
"Hang on a minute,we educated Icardi? Fuck no...if it means we have to own that shit they can keep their mool.",superquinnbag,-5,0,2023-07-25 00:17:31
üî•üî•üî• akƒ±yor ma≈üallah,AbduKaderKeita,26,0,2023-07-09 11:12:59
"This is going to be a fun season again. As a Fener-fan, I have to admit you guys have a stacked squad, I feel like we are on the right track as well. And the only way to uplift our competition is with a strong Fener and GS. However, I have to say your squad looks scary with the additions of Paredes, Angeli√±o and Icardi ofcourse.",Padarnalat,28,0,2023-07-09 11:46:27
"Not a fan of Paredes but that's only because of his age. He'd be a monster with or without Torreira. With Torreira? Oof. With a bit of luck, we could get second in our CL group. If we get Angelino, Sacha stays or Ali Turap develops immensely? We could get first even. 

I could see that PSG has a very good bond with us due to us offloading some (for them lol) trash. 6.5m for PAredes, 8-10m for Icardi is nothing..",ImTurkishDelight,19,0,2023-07-09 11:19:56
Erden timur yine transferleri aynƒ± anda yapacak galibaüî•,Bioalienos,10,0,2023-07-09 11:15:45
"6,5mill for Parades. Thats day light robbery.",smoke-gas42,7,0,2023-07-09 11:33:15
"Is Salim tier 1 or 2?

As I said in the Icardi post, Icardi‚Äôs transfer is a guarantee ticket that we ate getting other very high quality players. 

A Parades Torreira midfield will be great in both Superlig and Europe. In Superlig you can just put 4 attackers in front of them, and in Europe they will work with a thougher no10 infront of them.

I would love for Oliveria to be bought by some of the ‚Äútier 2‚Äù Saudi clubs. Pleaseeeee.",thirdplanetperson,5,0,2023-07-09 11:14:13
bro what is going on today,Turkoop10,3,0,2023-07-09 11:36:39
Ok get kamada and backup striker and we are gucci,enissw1ft,1,0,2023-07-09 12:18:21
Let midts√∂ get parades its perfect,atrasllhaan,1,0,2023-07-09 16:16:01
[removed],[deleted],13,0,2023-07-04 17:36:06
Honestly I gave him up two weeks ago. There's no way we can compete with the Arabs in terms of money. We should stop wasting our time and look for alternatives.,_conqueror,24,0,2023-07-04 16:37:54
"There is no way that's true and whoever wrote it doesn't understand how transfer market works. Why would they offer PSG 20m when GS offered not even 10m? They don't need to convince PSG to sell, only to match the highest offer. They have to convince Icardi, and it won't matter how much they offer to the club in doing so. ""But Saudis have too much money they don't care"" sure, in case they had 100m they want to use for Icardi they'd give Icardi 90m and PSG 10m. They have money but they aren't stupid, giving PSG 20m is literally burning money.",redwashing,9,0,2023-07-04 16:54:29
"Btw im pretty sure this offer isnt real , but the 20-25 M per year is actually true",enissw1ft,3,0,2023-07-04 18:27:19
"Damn I thought it was ‚Ç¨30m now they are offering 80 what the hell bro lol. How can any Turkish clubs compete with this shit, we need to universally add clauses to our contracts *Can't sign with any Arab teams in the following year*",Slardar,3,0,2023-07-04 16:40:48
"Wanda is bug of this guy, Unbelivable He is better than Pessi Mafia   
already destroyed himself   
arabic league will be end of him,   
BYE Icardi i love you but do not blame you, 80m is crazy money   
Just remember  Galatasaray is good family for players all the time and remind it new talents   
Look Zaniolo cameback to national team and survive from big hurst against him",nychorst,1,0,2023-07-04 17:50:34
Bu icardi meselesi de iyice yƒ±lan hikayesine d√∂nd√º anasƒ±nƒ± satayƒ±m. Bir karar verse de biz de ona g√∂re transfer yapsak.,Bioalienos,1,0,2023-07-04 18:44:34
This is fake news,RichNose,1,0,2023-07-04 18:54:08
"80 mill for 2 years is a lot of poon. Can't fault him for leaving if it's true.

We can go 15-20mill for 2 years but anything above that will be hard to pull off.",smoke-gas42,1,0,2023-07-04 19:32:11
he should go there and he should disobey them to be dismissed. He can get his salary from them and play for us from starting January lol... Einstein mod off.,pr0te0,1,0,2023-07-04 19:36:44
if icardi had gotten an offer of 20 m euros per year wanda wouldve accepted it immediately. most of the rumours about icardi are bs.,ComedianSuspicious98,1,0,2023-07-04 22:29:12
G√ºzel sallamƒ±≈ülar,alper_maestro,1,0,2023-07-05 10:58:13
"I hope he accepts it, I‚Äôm happy if he accepts any offer from a different club but I would be extremely happy if he accepts this and we‚Äôre able to get 20-25 mill and recover half of what we spent",Plenty-Assistant-852,23,0,2023-07-04 10:04:32
I believe Wanda prefers attention and 80 mil over a return to Italy.,Comrade-Conrad-4,11,0,2023-07-04 12:27:38
not sure if wanda actually prefers italy over 80m. gotta say im at least a little sceptical here...,rob443,14,0,2023-07-04 11:14:11
Please do us a favour Wanda. This is the only offer that is offering a proper price. I swear teams like Gala are just lowballing us,DKofFical,6,0,2023-07-04 12:11:31
Every Parisian would drive them to the airport...,deVrinj,5,0,2023-07-04 14:35:42
"Santi Una say this is bullshit, unfortunately",lot1en,0,0,2023-07-04 09:47:50
God gives money to the worst idiots,FitResponse414,0,0,2023-07-04 12:34:10
there‚Äôs no way any of this is real,toiletpaperisluxury,0,0,2023-07-04 18:23:50
"Oh shit, Icardi please stay at Galatasaray üôè",ruzgardiken,1,0,2023-07-04 15:04:11
He‚Äôs still with Wanda???,Inter_932,1,0,2023-07-04 16:05:13
Wanda is a 'but her face' if I'm being honest.,JerryMac34,1,0,2023-07-04 17:11:32
Fuck Wanda,heraldos,1,0,2023-07-05 09:11:02
isn't Al Shabab a terrorist group?,lostn,1,0,2023-07-05 10:34:08
"If the options are Icardi or Morata, I would go with Icardi 9 times out of 10, but we can't really limit ourselves to these two players.....",Zer0x10,48,0,2023-06-26 17:15:00
I hate this guy. He's a snake and his personality does not fit Milan.,smeltingwire,20,0,2023-06-26 18:34:10
If the price is low i'm unironically in for this,Cappiuren,62,0,2023-06-26 17:08:32
"I'm not against the idea of a stop gap at striker to split time with Giroud and then try for the striker of the future next summer.  I'd rather go that route than overpay for somebody with a profile that we aren't that crazy about.

The key is that it has to be cheap though.",KarmaMemories,10,0,2023-06-26 17:19:19
"I don‚Äôt wanna be that guy but I must remind u what happened the last time we signed a ST who played for Merda and then left to another league

https://preview.redd.it/ts10mz77ce8b1.jpeg?width=696&format=pjpg&auto=webp&s=03d60249d2774b7ed942e2847adf72789d38ecd5

Spare me pls im coping so hard this month has destroyed my mental health",lunglung20_,51,0,2023-06-26 17:21:57
"No, fuck this piece of shit.

Why not just destroy the team from within after everything else!",Affectionate_Oil_815,7,0,2023-06-26 19:27:15
"More details:

To date, who evaluates the [@acmilan](https://twitter.com/acmilan) in the forward role?

[\#Morata](https://twitter.com/hashtag/Morata?src=hashtag_click) ( [\#Pioli](https://twitter.com/hashtag/Pioli?src=hashtag_click) really likes it)

[\#Icardi](https://twitter.com/hashtag/Icardi?src=hashtag_click) (with limited figures, Milan think about it, today the first approach)

[\#Scamacca](https://twitter.com/hashtag/Scamacca?src=hashtag_click) (would be the plane B)

&#x200B;

Also other sources:

[**Ekrem KONUR**](https://twitter.com/Ekremkonur) [@Ekremkonur](https://twitter.com/Ekremkonur)üì∑[\#EXCL](https://twitter.com/hashtag/EXCL?src=hashtag_click)‚Ä¢ AC Milan are planning to make an opening offer of over 10 million euros to PSG for Mauro Icardi.  üì∑Whilst this is accessible for the Rossoneri, his ‚Ç¨7m net per season wages could prove problematic.  üì∑Galatasaray are continuing negotiations to sign the Argentine striker.",mercurialsaliva,3,0,2023-06-26 17:05:44
"I am for it, he played great under Pioli, and it will be a spicy derby Icardi vs Hakan",denisorion,4,0,2023-06-26 17:48:14
I do not like Icardi and never wanted him at Milan but jesus christ he would actually be a breath of fresh air just now,soundthief141,3,0,2023-06-26 18:44:21
"you guys have a problem also with Icardi? Lmaoo 
he would be the greatest choice of all the rumors we heard so far. You can critize Icardi the person maybe or whatever the fuck but he‚Äôs an amazing striker.",dragostothezan,5,0,2023-06-26 17:43:06
u/HommoFroggy i manifested it.,yllimameni,2,0,2023-06-26 17:13:05
"Icardi, Moratta and Rlc

Warra scouting by supposedly 'one of the best scouts in the world'.",sahilshkh,2,0,2023-06-26 17:24:32
Is not that bad for 10 Mil but even for 15 onestly,FlyBeneficial238,2,0,2023-06-26 17:38:34
"They really are stupid, aren‚Äôt they, huh?",BaldDudeFromBrazzers,6,0,2023-06-26 17:13:18
I fn knew it.......,Inbocaallupo8,1,0,2023-06-26 17:14:14
ARE YOU FUCKING KIDDING ME?,Arbo96al,0,0,2023-06-26 17:21:08
"It's fucking Sarno, tell me the last time he was right on something?",Ciccio_Camarda,1,0,2023-06-26 17:24:51
LMAO,Lommy_theFuck,1,0,2023-06-26 17:29:31
"I kind of like this idea. He‚Äôs risky, but when playing with the right attitude definitely worth the money.",PatBateman76_,1,0,2023-06-26 17:32:01
If he doesnt make problems in the dressing room im all in. We should get him for like 15m and i think he would come here for like 4-5mil net if we could ofload Origi to turkey that would pay good amont for him,MitarS30,1,0,2023-06-26 17:58:10
"I mean, icardi is a good stricker for sure but his characteristics are too similar to the giroud‚Äôs one, I think we should get instead a oshimen-kind of stricker, so fast and physically dominant. Plus icardi salary is to elevate for us, therefore I really think that he won‚Äôt sign for AC Milan",Danik-00,1,0,2023-06-26 18:01:04
It just gets worse and worse,SteveSaysGG,1,0,2023-06-26 18:23:22
Just bring back Pato at this point,tfair18,1,0,2023-06-26 18:25:13
Fuck it get both him and Lakaka. For the banter.,p90love,1,0,2023-06-26 18:43:07
Gerry = Interista Confirmed,_projektpat,1,0,2023-06-26 20:43:25
Every realistic transfer target I see linked with Milan just makes me more and more depressed.,smiggledorp,1,0,2023-06-26 22:24:53
What tier is sarno? I don‚Äôt think he‚Äôs too reliable,Competitive-Cry161,1,0,2023-06-27 00:32:11
Why are we going after 2 of inters old strikers,ScissorMySausage,1,0,2023-06-27 02:28:56
"Can you spell banter era more accurate? Even Galliani on a shoe string budget made better signings‚Ä¶Icardi is such a has been that he should be retired by now‚Ä¶what is he, 80 or something? He older than Berlusconi",kakareborn,1,0,2023-06-27 07:15:23
What the actual fuck is going on with this club? Do you guys feel a sort of anger brewing inside of you whenever you read anything stupid related to Milan? I wanna smash a controller on Cardinales face...smfh,anssassin,1,0,2023-06-27 15:39:52
No way y‚Äôall pay him more than Leao. Also psg needs to pay Inter 15 million euros if they sell icardi to another seria a club.,alkimm,1,0,2023-06-28 13:04:21
This is the best thing that could‚Äôve happened to us this transfer period. Player that already fits in the team and is WILLING to play for us. Could‚Äôve gone to saudi for mega contract,UltraAslan7,105,0,2023-07-09 10:13:40
"A≈ükƒ±m olayƒ±m amk, my guy really said fuck you to 40-100M euros (lol what a span) and comes here.",AvrupaFatihi,43,0,2023-07-09 10:29:22
"If a Fabrizio new includes the phrase ""Here we go"" it means it's %90 completed.",egerotti,26,0,2023-07-09 10:30:48
Hide your moms hide your sisters,auris_orion,45,0,2023-07-09 10:19:06
"big big news. I hope we‚Äôre being reasonable with the contract, but Icardi can also be the difference between us qualifying for the CL group stages and getting that 36m. We need to seal the final details asap so that he can join the camp and get ready",IsThatAWeed_,19,0,2023-07-09 10:23:04
Amazing news,alp1e,16,0,2023-07-09 10:13:00
HERE WE GOOO,enisd1905,14,0,2023-07-09 10:18:21
OH MY GOD,RespectTheGem,12,0,2023-07-09 10:18:58
"Since we know what he did in just HALF a Season, im Sure he will pass all the strikers we have had and become the GOAT",[deleted],23,0,2023-07-09 10:27:52
"Wow, oh my goodness. I wonder what the salary will be, but I'm not as worried. We've paid the bank in the past for way worse players, Icardi is actually deserving of high wages. He could've gone to the Saudis, but didn't. 

Insane stuff. Insane transfer. Best striker that has ever graced this league. I hope he stays relatively injury free and bullshit (wanda) free.",ImTurkishDelight,10,0,2023-07-09 10:28:13
GOOOOLL,xenaxhh,8,0,2023-07-09 10:25:27
Hayat yeniden ba≈ülƒ±yor. LET'S GOOOO!,ariposaa,5,0,2023-07-09 10:26:01
I GOT GOOSEBUMPS,Turkoop10,5,0,2023-07-09 10:29:00
Bro rejected 40M from Suadi Argentinians Are really something else,Userpapadia,5,0,2023-07-09 10:39:13
"G√ºnay G√ºvenc, Rashica, Angelinho and Icardi. Thats good news fr",Commercial_Shirt8901,6,0,2023-07-09 10:46:29
"HOSGELDIN IRZ D√úSMANI 

HERE! WE! GO!!",fatiha19,6,0,2023-07-09 10:29:46
Just got a tweet notification from KAP... Only to realize it's fucking Trabzon... ≈ûimdi zamanƒ± mƒ± amk,AvrupaFatihi,5,0,2023-07-09 10:57:53
This guy is gonna get huge in our history if he keeps it up,sooyoung__,4,0,2023-07-09 10:29:04
"Guys

I'm so happy",moriero,3,0,2023-07-09 10:50:03
Love won in the end. You love to see it üíõ‚ù§Ô∏èü¶Å,I-Batu,3,0,2023-07-09 11:10:44
"2. Metin Oktay yemin ederim, adam 40 milyon avroyu reddetti.",Bioalienos,3,0,2023-07-09 11:11:57
Keep calm and trust in Erden Timur.,GaIatasarayli,7,0,2023-07-09 10:15:47
"No fucking way! This soon? Great job! Get Icardi and make them pay for it? Again? 

Seriously, will he refuse a x4 contract from Saudis just to stay with us? The guy acting like Metin Oktay after 1 year? Really an exciting saga.

inb4 Icardi and Paredes coming in the same plane and causing a day long traffic around the airport. Brava",shadowknave123,7,0,2023-07-09 10:21:35
Great news but it can also fuck us economically if we don‚Äôt make it to the group phase of the CL,Most_Dragonfruit228,2,0,2023-07-09 11:37:15
"If this is true, it's a massive win for us. Keeping the Icardi/Kerem attack was priority 1 and it looks like Timur recognizes that.",umuzab,2,0,2023-07-09 16:54:51
"Does that mean that we are selling players for at least that amount ? Amazing transfer, but still is a bit pricey, what do you think guys ?",_emre35_,1,0,2023-07-09 16:43:21
Here we go! lafƒ±nƒ± √∂zlemi≈üiz gassaraylƒ± fabrizio,billyloomis3,1,0,2023-07-09 10:58:02
Paredes alsoo??,GSstockholm,1,0,2023-07-09 10:58:55
"Good news, it was a matter of when and not if for me anyways. Just need him to join the camp now. 

I think this also means we finished a few other big names like Parades and Angelino cuz the rumours were that Icardi have been asking for a better team.",thirdplanetperson,1,0,2023-07-09 11:01:19
LETS GOOOOOOOOO,kurdiigunna,1,0,2023-07-09 11:05:22
Pleaseeeee let this be true! ü§ûüèª,gorgonizedbyurTITS,1,0,2023-07-09 11:06:51
5th star here we come!,MertOKTN,1,0,2023-07-09 11:10:28
Oley oley oley,blues_cfc,1,0,2023-07-09 11:13:28
Allahƒ±m goooooolllll,smoke-gas42,1,0,2023-07-09 11:15:00
there was a clip of icardi with blue music box he is turning to arm of the box how can I find it? I have a idea to edit about that clip,Intelligent-Guava353,1,0,2023-07-09 11:21:06
"Good choice for him, he'll be a literal club legend out here.",ShitassAintOverYet,1,0,2023-07-09 11:39:37
YESSSSSSSSSSSSSSSSSSSSSS MAUROOOOOOOOOOOOOO ICARDIIIIIIIIIIIIIIIIIIIIIIIIIIIIIIIIIIIIIIIII. I THINK IM GONNA CRY MAN.,MimoGear_5,1,0,2023-07-09 11:45:07
Great news. Can‚Äôt believe it ü¶Å,Cimb0m,1,0,2023-07-09 12:54:48
Make it official soon! I miss watching him.,pr0te0,1,0,2023-07-09 13:53:27
Cristante can fill into the role while Abraham is out.,rajmachawal10,79,0,2023-07-09 11:27:08
Thanks god,w1ldchild-,17,0,2023-07-09 11:44:22
Great news!,Fernando-Santorres,5,0,2023-07-09 13:22:34
i feel like we‚Äôre making progress with scamacca. pinto is either going to london soon or already there. if not we have lots of other options.,coloneldatoo,10,0,2023-07-09 11:39:09
We broke as f*ck,HuyAnh1988,13,0,2023-07-09 11:53:51
Believe in Scamacca,[deleted],8,0,2023-07-09 12:57:53
Dogshit player,mister_squitters,3,0,2023-07-09 13:37:22
We don‚Äôt need that negativity in the team,Smorgas-board,4,0,2023-07-09 15:48:03
Honestly I‚Äôd prefer a good wing  or a box to box midfielder  rather than another striker,TURBINEFABRIK74,2,0,2023-07-09 13:09:25
"Haha what the shit you're sounding desperate.
Ends at september 1st right?",spankru69,2,0,2023-07-09 12:16:49
We don't need any striker. We're gonna just park the bus and get that niel-niel. This is football heritage.,return_of_the_king,1,0,2023-07-09 13:23:47
"Hoping they can close Scamacca soon. Part of me feels like they probably still want to move a few players first, Vina being one that seems to be close.",HillValley84,0,0,2023-07-09 13:31:24
"Scamacca √® un giocatore che non si √® pi√π ripreso dall'ultimo infortunio non ha pi√π giocato e sta ancora facendo terapia.

nel corso della sua carriera  ha avuto innumerevoli infortuni: 

&#x200B;

|Stagione|Infortunio|
|:-|:-|
|22/23|Infortunio al ginocchio|
|22/23|Problema fisico|
|21/22|Problema fisico|
|20/21|Affaticamento muscolare|
|18/19|	Infortunio al ginocchio|
|16/17|Rottura della fibra muscolare negli adduttori	|
|15/16|Infortunio muscolare|

spero che la Roma non punti a lui come centravanti ma tiri fuori un asso dalla manica.",Stefanolwl,1,0,2023-07-09 15:22:11
"
To reduce the spam of reports regarding the same move during transfer windows we try to allow **only one submission about each transfer saga per day**. The submission in question also needs to contain relevant new information regarding the potential move, and not just being a ""no/minor developments"" report.   

If there are important/official developments or new valuable information about a saga, we will allow extra threads in the same day, but for the rest of minor news please just comment them as a reply to this comment. Please help us reporting unnecessary threads for being duplicates. 

*I am a bot, and this action was performed automatically. Please [contact the moderators of this subreddit](/message/compose/?to=/r/soccer) if you have any questions or concerns.*",AutoModerator,1,0,2023-06-10 18:04:06
"He looked really happy at Galatasaray, I hoped he'd stay there.",jay_alfred_prufrock,158,0,2023-06-10 18:23:14
Life is over.,ariposaa,79,0,2023-06-10 18:21:27
no,DoubtGin,64,0,2023-06-10 18:04:54
"Fuck off. I could live with it if he joins a European top club, but not a Saudi club. They don‚Äôt deserve him. He wouldn‚Äôt perform. He would just take the money and play shit there",Galatasarayfan1905,169,0,2023-06-10 18:07:50
no no no no wait wait wait,Infidel-Turk,15,0,2023-06-10 18:38:50
Fuck. Off.,kuboa,42,0,2023-06-10 18:12:16
"Kinda knew this Saudi frenzy would hurt Turkey, their transfer market is shattered... 

Now they have to sign unknown talents and potentially make profits of it. The audacity...",JustJamesanity,60,0,2023-06-10 18:23:06
Come to Galatasaray (seriously),MERTENS_GOAT,24,0,2023-06-10 18:29:45
I am in shock rn. Ffs where did the Arabs come from. You cant blame Icardi if he is able to earn 30million a year.,GaIatasarayli,19,0,2023-06-10 18:29:00
"If his salary could be reduced, he would be a great signing for Roma",htp20012001,7,0,2023-06-10 18:07:18
"Stay here, fuck the Saudis.",[deleted],22,0,2023-06-10 18:20:45
It's seems icardi just does enough to get himself a day check and disappears only to reappear to create base to get another day check.,Coolhunter11,5,0,2023-06-10 18:25:05
"Not just a Saudi club, but a Gasseemi club!",HiJazzey,7,0,2023-06-10 18:41:36
üè∑Ô∏è‚Ç¨500 million,KyKy7,3,0,2023-06-10 19:06:10
"Meh, don't think it happens for the Saudis to be honest. Pretty comfortable unless someone like Atletico Madrid enters the race. Low key afraid PSG keeps him since Icardi-Bayern rumors were heard around here when Nagelsmann was still in charge.",Fit-Strawberry459,2,0,2023-06-10 18:50:53
"Well, there goes one more off of our dwindling list",panopss,2,0,2023-06-11 00:38:05
"If they pay a good enough transfer fee, why not.",Hum-beer-t,2,0,2023-06-10 18:17:56
"it's set then lmao, what a load of financial montages bollocks.",Kiwizqt,1,0,2023-06-10 19:58:00
"No way PSG agree to let him stay in Turkey. They are paying ‚Ç¨6mil of his salary, I assume would prefer to cash out.",turtlegoeshollywood,-3,0,2023-06-10 19:28:12
Come home,TheCLNR,1,0,2023-06-10 21:01:01
NO NO NO WAƒ∞T WAƒ∞T WAƒ∞T,HZCAPSLOCK,1,0,2023-06-10 22:31:11
Get that $,Writerhaha,1,0,2023-06-11 01:14:03
Ok 10M was already ridiculous from Galatasaray but now 8M is even more ridiculous.,Kokane211,10,0,2023-06-06 21:23:26
they aren‚Äôt serious right? his current club is literally in offering more money,Imaginary-Director-8,18,0,2023-06-06 19:20:21
Mourinho will bench him after one match of walking around the box and waiting for a tap in.,for_fuckssake_,6,0,2023-06-06 20:43:28
Galatasaray is a better team and they will play in the CL. Also offering us more,Kerkennah,15,0,2023-06-06 20:00:31
"I hope I misread and that the ‚Ç¨8M figure corresponds to the player's salary. As for the transfer fee, it's far too low given what he's shown this year in Turkey.",sylsau,3,0,2023-06-07 10:54:16
Fuck Roma cheap bastards. We should send back to go fuck themselves and never do business with them again. That is a slap in the face to offer thst,mrsaybassteeuh,3,0,2023-06-06 23:43:35
"I chuckled when I read this earlier , cannot even round it up to 10m",AlexanderTheGreat818,1,0,2023-06-07 00:57:19
"Roma : my friend , im broke , here your 8M for Mauro , plz take it , poor me",HuyAnh1988,1,0,2023-06-07 07:49:55
add a 1 infront of the 8 and its a deal,SeyamTheDaddy,1,0,2023-06-07 11:22:53
"I mean PSG started at 25m simply to negotiate downwards so its no surprise. It's not like they're notorious for being difficult to negotiate with, and Icardi pushing for the transfer definitely helped too.

Kudos to Erden though, I'd like to think he reduced the price as much as possible otherwise I don't think Fabrizio would be pointing this out",IsThatAWeed_,43,0,2023-07-09 18:13:57
"""Erden abi naptƒ±n sen"" b√∂ylelikle depremde hayatƒ±nƒ± kaybeden Muhammed karde≈üimizi de anmƒ±≈ü olalƒ±m. Topraƒüƒ±n bol olsun.",Bioalienos,17,0,2023-07-09 18:53:18
I'm poppin bottles tonight,smoke-gas42,12,0,2023-07-09 18:48:37
ASKIN OLAYIM! ‚ù§Ô∏èüíõ‚ù§Ô∏èüíõ‚ù§Ô∏è,Ogu36,11,0,2023-07-09 18:13:53
"BeinSports is reporting that Icardi can make up to [10 million Euros](https://beinsports.com.tr/haber/icardi-transferinde-anlasma-tamam-iste-bonservis-bedeli), with performance related bonuses.",umuzab,6,0,2023-07-09 19:22:55
cant wait!!!!,JaxTellerr,4,0,2023-07-09 19:07:06
 Yillik 10 milyon? Are they out of their mind? We pay him more than Paris LOL,BarbaraPalv1n,0,0,2023-07-09 21:14:50
This is amazing if it goes through,TheGamerPandA,1,0,2023-07-09 20:19:56
We‚Äôve been due for some good news ig,TheExistence,2,0,2023-07-28 19:11:33
Can they start on Paredes too?,Belfura,1,0,2023-07-28 22:05:27
"These mf‚Äòers should refill our regular jerseys at gsstore. Looking for them since months, even twice in turkey, always sold out",gencoloji,17,0,2023-05-19 19:21:21
you will be ready for mangal with this shirt,burakts,7,0,2023-05-19 20:48:09
Damn this looks tight... Maybe I'll have to order some with my dad. When does the other jerseys in the collection get released?,AvrupaFatihi,5,0,2023-05-19 19:57:27
"That was already announced.  https://twitter.com/GSStore/status/1655135750285918209?s=20 Its called design FC and it includes Jerseys whom were made by Kerem, Abd√ºlkerim, Muslera, Zaniolo, Mertens and Icardi",RoyalLemonade,9,0,2023-05-19 19:13:23
Yoooo that's pretty sick....I mean if he stays I'd consider buying it. If he just dips asap then idk,Slardar,3,0,2023-05-19 21:48:25
unpopular opinion maybe but that shit is mad ugly,HonorTaker,7,0,2023-05-19 20:15:59
Mertens' looks fucking awesome,alozz,2,0,2023-05-19 20:22:29
Couldn‚Äôt do better than a mug shot?,thowitinthebag,2,0,2023-05-20 03:50:24
Was at the GSstore at the stadium 2h ago. This shirt wasnt there. Only our regular home/away kit at XXL or 3XL lol.,DK21051,1,0,2023-05-20 10:11:11
[removed],[deleted],1,0,2023-05-20 09:49:58
Looks like a desert.,ImTurkishDelight,1,0,2023-05-19 20:16:58
se queda?,moriero,1,0,2023-05-19 20:29:38
A≈ükƒ±n olayƒ±m,Spuntix,1,0,2023-05-20 07:05:42
"if something doesn‚Äôt look good on icardi, no chance it would look good on me",ceo_mert,1,0,2023-05-20 09:15:36
nicee,komikdimi,1,0,2023-05-20 10:15:23
Looks like a kid threw up after eating way too many bowls of Mac and cheese,BanBreaking,1,0,2023-05-20 10:41:24
Dikkat ƒ∞cardi de durduƒüu gibi durmaz :),burakol1,1,0,2023-05-20 12:56:11
Good luck to him at Galatasaray.,moonwlswk,5,0,2023-07-13 16:01:49
"Good for him, sell him ‚Äî if we dont need him/ want him, let him go. He's reinventing his career",Saixcrazy,55,0,2023-05-30 23:57:13
"It‚Äôs his last year. 5m cash with 4m adds on is what‚Äôs on table.  
There is a fifa rule that a player can leave if he can pay last year of his wage and his age over 28 or something with he is done most of his contract(don‚Äôt know exact rule)
.  So he makes 8m at PSG. that will be enough to get him. üòè

So take the offer.",onlygray1,9,0,2023-05-31 04:43:05
" Honestly, he is terrible, today, in the first half of the game, he had 7 touches, 0 accurate passes and only 2 goals.

@campos, dont miss this amazing opportunity. 10 millions is way too much for him. please sell him to gs asap, no one else.",samettinho,13,0,2023-05-31 02:14:35
Has to be at least 20 don‚Äôt care if I get downvoted. We can‚Äôt keep getting fucked over all the time by other clubs. He‚Äôs worth more than 10 million,mrsaybassteeuh,23,0,2023-05-31 00:25:36
"hell no, I want him gone but after putting in 28 goal contributions they better pay a higher fee",SeyamTheDaddy,14,0,2023-05-30 23:00:49
"They know we don‚Äôt want him & have need to make some room in the wage bill. They got PSG by the balls in this deal


I hope we get 15-20M",dantes_inferno101,6,0,2023-05-31 01:19:50
"10m is delirious, keep him on the bench for that price (even if we all know he can't work like that, but fuck them). Get 25 or gtfo",Kiwizqt,4,0,2023-05-30 23:41:00
Ask them for more lmao 10 ü§£ü§£,albertodelrio_ez,3,0,2023-05-31 01:11:56
Here you fucking go blah blah. Sell him.,il_gufo13,2,0,2023-05-31 04:51:52
The things a man can do when there isnt a toxic woman ruining his life. Never simp guys,JxMedo,2,0,2023-05-31 08:35:42
10 million got me feeling like we are getting robbed,sean_coinery,1,0,2023-05-31 11:07:43
"8 million Roma , 9 million Juventus. Just what the hell Serie A?",AlexanderTheGreat818,23,0,2023-06-24 14:49:37
"I imagine we can get at least 20 for him, he scored 22 goals in the league",ponchopawz,11,0,2023-06-24 15:11:26
Atlanta United or whatever the US one is called signed him in my fm save and hes the best striker in the league! Let me check how much they got him for,[deleted],2,0,2023-06-24 22:13:21
The problem is PSG. PSG doesn‚Äôt sign the profile of player that has any type of resell value and doubles the wages.,Jahthegreat7,1,0,2023-06-24 21:00:18
"""star""",marattroni,1,0,2023-06-25 03:09:32
Aren‚Äôt they broken up? Why is she still his agent?,mrsaybassteeuh,12,0,2023-06-20 17:47:46
"Wait, HE'S STILL WITH WANDA?!",Saixcrazy,5,0,2023-06-20 22:22:40
Hope he can stay out of trouble over there üëÄ,BigSlick84,2,0,2023-06-20 19:14:25
20 or 25 millions imo,Aoes1,3,0,2023-06-20 18:19:48
Can we sell him for more than peanuts is the big question?,PSGContextModBot,1,0,2023-06-20 18:13:01
I hope we get more than 10m. We paid 72m for this dude,DKofFical,1,0,2023-06-21 10:00:06
"Nothing we didnt know player is waiting for an offer from a better team , if nobody picks him up he will come to us",enissw1ft,18,0,2023-07-11 13:25:44
"GET INNNNN!!! Very happy about this one and also so so in time for the camp. 

Curious about the salary tho. You cannot give icardi 10 and offer him 2m‚Ä¶",BlackMambaTR,8,0,2023-07-11 12:57:50
The fact that MoMo sale finances Paredes fee is crazy. What a squad upgrade lmfao,arcatales,2,0,2023-07-11 17:08:08
Idk idk y‚Äôall got a family with a good healthy atmosphere in the locker room. Why sign someone who‚Äôs be taking crap and never flushing ?,BaldDudeFromBrazzers,39,0,2023-06-07 11:29:56
"Unpopular opinion, I‚Äôll probably get downvoted to hell but, bear with me just a second.
Let me preface that he is a pretty moronic guy and he could actually break the locker room but, from a tactical point of view (and considering that shitty settlement agreement we are bounded to), he would be the perfect fit for the team, our biggest problem this year was converting our chances into goals, basically the one thing he very good at, it‚Äôs true he doesn‚Äôt partecipate too much to the play (and this could be a problem considering how much our strikers are involved and how much they have to fight for the ball) but give him the ball in the area he will put it in the net, he‚Äôs deadly in the last 20 meters and I think that‚Äôs undeniable. All this to say that he would a pretty risky bet, it could work very good or it could bring more harm than good, however I wouldn‚Äôt be mad if we would get him. Again it‚Äôs just my opinion and I‚Äôm open to criticism and discussion about it",Mboppers,17,0,2023-06-07 14:26:08
If Wanda is out then I am good with Mauro. Wanda was poison.,Frognaros,7,0,2023-06-07 14:27:40
"Finally a striker that actually scores goals. Remember that he scored 30 goals with the worst inter of the last 30 years.

He can‚Äôt do worse than Belotti (just 1 goal and he is better).

The only problem about him is his wife that is crazy",gieri_,17,0,2023-06-07 11:17:49
fuck,38arman62,10,0,2023-06-07 10:55:25
Oh no.,Bey_Harbor_Butcher,3,0,2023-06-07 13:30:47
"I trust Jose, that's all I'll say",Kekulaaa,3,0,2023-06-07 15:52:40
Oh god no.... Just only for the fcking wh*re Wanda is....,w1ldchild-,3,0,2023-06-07 12:45:48
"Imagine Dybala, Abraham and Icardi.",[deleted],1,0,2023-06-07 09:35:16
porcoddio no ve prego,ravioloalladiarrea,2,0,2023-06-07 09:51:57
"I don't get much of the criticism he's definitely better than abraham and belotti and we do need a striker ,he probably wouldn't cost much , yeah he brings drama but if he bangs them in who cares?",Stannisisthetrueking,-1,0,2023-06-07 11:56:33
"I would be so happy. Someone who can finish fucking chances, probably gets along with Dybala and Jose loves a dickhead.",Maxoverthere,-1,0,2023-06-07 14:29:23
"I have lost track of the guy since he left Inter. How has he been doing ? I don't have good memories of his football to be honest, more of the fuzz surrounding his personal life.

I don't know if this is a good move to be honest.",LurkeSkywalker,1,0,2023-06-07 16:56:08
i ragazzi better keep an eye on their women,SJRomanXI,1,0,2023-06-07 23:29:00
The price probably dropped because Galata needs extra to pay the salary they have agreed on with Icardi.,Flou99,12,0,2023-07-09 19:26:31
Anteru Enrique masterclass,lot1en,2,0,2023-07-09 19:48:33
"People trashing Icardi in the match thread. Here you fucking go. This is Icardi. No touches with no service, but when he does get it, it's done.

A second season with this guy.. Holy shit.. I'm really scared of a relapse, but even then he would be contributing. It's fucking Icardi",ImTurkishDelight,20,0,2023-07-09 11:40:18
That's an elite goal scorer chart right there. I don't need my striker to scire from outside the box. The golden area is where you are supposed to score and that's where Icardi is shooting from. The goals from outside the box should come from our midfielders instead.,AvrupaFatihi,10,0,2023-07-09 11:37:35
More like GOAT in the box,Reason_towearcondoms,8,0,2023-07-09 12:21:37
"We all remember this one am I right? 

https://preview.redd.it/hk3wg38jxyab1.png?width=626&format=png&auto=webp&s=f15850b7a3f578700377b6630f2fa91dd58faf56",an_ancient_guy,6,0,2023-07-09 16:45:13
Do they collect this automatically or is there an intern somewhere diligently analyzing every player from every game?,moriero,3,0,2023-07-09 11:48:21
"Still don‚Äôt think Qatari PSG sells to Saudis. We just need to do our job right. Tell Icardi that Saudis will sleep on his door even after signing with us, he can go to their desert wasteland any time he wants. Spam Wanda‚Äôs profile with hearts and we love you yenge style cringe comments. She holds the keys.",Fit-Strawberry459,37,0,2023-06-10 18:10:46
"This comes after Romain Molina, also tier 1 for French football, said [this](https://twitter.com/Romain_Molina/status/1667582303898312706). And Burhan Can Terzi, who's a mixed bag for us, said [this](https://twitter.com/burhancanterzii/status/1667593915787096064).

Basically lads, don't get your hopes up. It's going to be very tough, yet we also shouldn't break the bank just for the sake of it either.

Edit: Yakup Cinar just said [this](https://twitter.com/yakupcinar/status/1667831380707889154). I really can't blame Icardi if he decides to go to Saudi Arabia.",IsThatAWeed_,21,0,2023-06-10 18:08:38
I am in shock rn. Ffs where did the Arabs come from. You cant blame Icardi if he is able to earn 30 million a year,GaIatasarayli,12,0,2023-06-10 18:28:29
Bu amkoyduklarim futbolun icine siciyor,gorgonizedbyurTITS,9,0,2023-06-10 20:08:24
"I don't get it, why is it called Financial Fair Play if Arab teams don't play fair? Fuck this shit. Fifa should step in.",JaxTellerr,14,0,2023-06-10 18:29:33
Siktirin lan!!!,Infidel-Turk,6,0,2023-06-10 18:31:22
They really want to buy the whole market huh?,xenaxhh,4,0,2023-06-10 18:26:14
Amk √ßoraplari,CharlesDoBronxs-,9,0,2023-06-10 18:09:41
"Dear Al-Taawoun FC owners & our beloved sheiks,

This guy is really selfish and causes a lot of problems within the team. He loves sex, orgies and all. Soooo haram! 

Even, he corrupted our youth, so many young guys became gay because of him (read r/galatasaray comments if you don't believe me). You will have LGBT parades next year because of him. Don't buy him. If Icardi comes there, just like Istanbul, kudus will fall, and all the holy land, Mecca/Madina will also fall. 

His wife is even more haram, the youth that are not gay now, are doing so much more sins. His wife corrupted the remaining straight ones! 

Buy Valencia, Batshuayi, Diagne, and Abubakar (look at the beauty of the name, MashaAllah). They are really good!",samettinho,10,0,2023-06-10 19:54:30
told you,AmagiSento,1,0,2023-06-10 18:13:38
AMK they just put the money in and steal the talents from european football fifa should do something about it,billyloomis3,1,0,2023-06-10 19:14:20
"He would be the first big name they pay a fee for I think, not sure if they really want to do that. Ronaldo, Benzama and Kante were out of contract afaik.",thirdplanetperson,1,0,2023-06-10 20:08:05
i√ß ≈üarabƒ±,SignExpert3240,1,0,2023-06-11 02:06:48
Al Taawoun sounds like a rotisserie chicken joint,moriero,1,0,2023-06-11 22:56:11
Proper Alan Shearer shot map,chinli,2,0,2023-07-09 13:05:39
I can see that legendary header from the left,alperpier,1,0,2023-07-09 18:01:33
Way ahead of our league,moriero,1,0,2023-07-10 12:43:04
Finally he‚Äôs gone,DKofFical,15,0,2023-07-09 11:25:28
Good business by PSG,moriero,9,0,2023-07-09 11:12:51
"stay humbled, fener fans",sooyoung__,7,0,2023-07-09 10:47:02
It would be great to sell Bernat now‚Ä¶ his salary is insanely high and we don‚Äôt use him anymore.,PSGContextModBot,8,0,2023-07-09 11:56:58
https://preview.redd.it/6j12wf0bixab1.jpeg?width=750&format=pjpg&auto=webp&s=343f7bf96fb3ac6c73e2021c8158084c311d044c,kingfosa13,7,0,2023-07-09 11:57:47
"**Mirrors / Alternative Angles** 
  

*I am a bot, and this action was performed automatically. Please [contact the moderators of this subreddit](/message/compose/?to=/r/soccer) if you have any questions or concerns.*",AutoModerator,1,0,2023-05-20 17:27:58
19G + 7A in 22 matches!,kuboa,44,0,2023-05-20 17:57:47
bro what üòÇüòÇ this guy‚Äôs ridiculous,BeautifulAlert5740,30,0,2023-05-20 17:30:09
"Boey with the steal, then brought the ball up and crossed it for the assist. Love to see it!",gorgonizedbyurTITS,22,0,2023-05-20 17:29:38
No wanda and now this guy is smurfing in turkey lmao,[deleted],22,0,2023-05-20 17:38:14
"Even if Galatasaray cannot afford to bring him next year, he'll definitely be back at some point. He has a different relationship with Galatasaray fans.",point-forward,24,0,2023-05-20 18:20:33
Bro's on a mission,EE475,15,0,2023-05-20 17:32:53
"WHERE ƒ∞S MY HEART? OH FUCK, ƒ∞T STOLEN BY ƒ∞CARDƒ∞!",HZCAPSLOCK,14,0,2023-05-20 18:19:42
"No Wanda, yes party I guess",Antarcticdonkey,7,0,2023-05-20 17:34:31
wtff!!!,sinefil31,6,0,2023-05-20 17:32:50
"He is our prince from now on, if we get to keep him I imagine we would shred some big teams in Europe next season.",Qaantum,3,0,2023-05-20 18:34:51
Fucker is way too good for Galatasaray,Yung2112,8,0,2023-05-20 17:32:23
How'd he do under Poch at PSG? Was that when he had his good run if form? Might be a pretty decent punt for Chelsea actually to get him,Midnight_Maverick,1,0,2023-05-20 20:56:39
"If it happens, he only needs to play for Marseille and for Fenerbahce/Beskitas and he would surely become the biggest shithouse of this generation",darealkrkchnia,4,0,2023-06-26 15:29:21
Now that's an improvement over Roma and Juve.,AlexanderTheGreat818,3,0,2023-06-26 17:27:02
"people got selective memory, EVERYONE wanted Icardi out he just caused so much drama.",SeyamTheDaddy,23,0,2023-05-21 00:06:09
I want to understand what OP meant with PSG loaned him out. It‚Äôs crazy the short memory people have,Flou99,34,0,2023-05-20 21:10:56
"he was terrible for us and he was gone. thats the end of that. i know the french league isn‚Äôt the prem but even we are at a certain level compared to the Turkish league. So him scoring that many goals does not sound too impressive. we already have enough drama at the club, we don‚Äôt need another guy that is all drama no performance. at least mbappe, neymar and messi got numbers for us despite the drama",Imaginary-Director-8,13,0,2023-05-20 21:19:27
He looks skinnier too just like his inter days. Why did he turn into a bum with us? Was it the high salary? His marriage? Both,AlexanderTheGreat818,4,0,2023-05-20 21:41:21
I wish him good luck and good riddance.,Vince1128,3,0,2023-05-21 01:24:15
Did you watch Icardi for us?,[deleted],3,0,2023-05-21 07:43:39
Bayern should sign him,Kerkennah,2,0,2023-05-20 22:00:04
"Glad to see him do well, honestly.",KyKy7,2,0,2023-05-21 13:17:40
As much as I was very frustrated after that decent first season he had with us he was going through too much and bringing that into the dressing room which affected not only himself but other players and staffs. It is nice to see him doing his icardi things in a better mindset but the only thing I wonder is if he was to stay with that club would the same outcome as he was in his last couple seasons with us or would he still attain his form.,Thenomfulhooman,2,0,2023-05-21 15:12:07
"**Mirrors / Alternative Angles** 
  

*I am a bot, and this action was performed automatically. Please [contact the moderators of this subreddit](/message/compose/?to=/r/soccer) if you have any questions or concerns.*",AutoModerator,1,0,2023-05-20 16:26:02
Man is on fire,notknown286337,21,0,2023-05-20 16:26:38
"I really thought this dude was done before this transfer, what an incredible season though!!",TimeWontWaitForYou,20,0,2023-05-20 16:41:09
"Amazing duo, Kerem and Icardi. After this Icardƒ± even passed while having a clear chance against the goal to return the favor, it was a beautiful position would have loved it if Kerem got the ball and scored that one.",Qaantum,8,0,2023-05-20 17:06:42
"**Mirrors / Alternative Angles** 
  

*I am a bot, and this action was performed automatically. Please [contact the moderators of this subreddit](/message/compose/?to=/r/soccer) if you have any questions or concerns.*",AutoModerator,1,0,2023-04-18 18:41:56
"People trashing Icardi in the match thread. Here you fucking go. This is Icardi. No touches with no service, but when he does get it, it's done.",Faabz,39,0,2023-04-18 20:12:12
Great goal and what a pass to pick out by the footballing all time great and Napoli's all time top scorer Dries Mertens,MERTENS_GOAT,55,0,2023-04-18 18:43:13
"That's just such a classic Icardi goal, brings back some good memories...",Ki11u4,23,0,2023-04-18 19:41:59
God what I would do to see one of our strikers finish like Icardi does,WeaknessMindless8168,12,0,2023-04-18 19:52:58
Keep scoring Mauro! Every goal ups his price,SeyamTheDaddy,47,0,2023-04-14 20:18:55
He looks happy and fulfilled. He finally found where he belongs... Galatasaray should pay at least 20m.,Apprehensive_Ant1514,36,0,2023-04-14 19:53:44
hopefully they sign him PLEASE GOD,kingfosa13,8,0,2023-04-14 20:31:51
![gif](giphy|HSI4xCORT9RBSDLerr),nuutt_i,7,0,2023-04-14 21:39:40
Good now hopefully we can transfer him next summer and make a bit of money.,Rerel,3,0,2023-04-15 00:11:56
"Great, then they'll be more than happy to keep him !",Ohmura_,3,0,2023-04-15 02:32:16
"You've saw Messi doing that in the WC.

You've saw Ag√ºero doing that in the Kings League.

Now, Icardi did that in the Turkish football league.",Choice_Program_2846,2,0,2023-04-15 09:43:38
our english admin has been absolute quality this season.,IsThatAWeed_,12,0,2023-05-30 22:22:27
"""I literally just score goals""",INeedChocolateMilk,2,0,2023-05-30 23:16:58
"**More:**

Icardi phoned Wanda Nara and demanded she put an end to this media farce, and return to Turkey. He called her a bad mother for leaving the 5 kids in Turkey, as she left by herself to Argentina. Mauro doesn‚Äôt know what to say anymore. He is both angry and sad. The angriest is Valentino, the 14 year old son of Wanda and Maxi Lopez. He has even unfollowed his mother on social media.

Wanda Nara will continue to be his agent, so they will still be tied professionally. As for Galatasaray, they are unhappy with Icardi‚Äôs behaviour, and there is a risk that Icardi‚Äôs time in Turkey ends earlier than planned.",ParisLake2,2804,0,2022-10-21 17:38:41
"The name ""L-Gante"" took me out",[deleted],1620,0,2022-10-21 17:52:36
Keeping up with the icardis,ramithrower,3016,0,2022-10-21 17:39:14
[maxi lopez:](https://i.imgur.com/088WuHZ.jpg),je-re,1346,1,2022-10-21 18:15:08
"I remember when people speculated about a move from Inter and how he's easily worth 100m, crazy how he dropped.

And what you can read about Wanda, she's not even close to being worth all this drama. What an idiot...",JOKER69420XD,732,0,2022-10-21 17:45:47
Does he even still play well? Is he worth the hassle nowadays?,benopo2006,449,0,2022-10-21 17:41:01
"Someone who will cheat to be with you, will cheat on you.",FreshGoodWay,270,0,2022-10-21 18:58:50
Trading in partners for a younger model like a Walmart DiCaprio.,rocket_randall,260,0,2022-10-21 17:48:26
This woman has to be amazing in bed for a guy with so many options to be dragging himself through the mud,LuisTheHuman,634,0,2022-10-21 18:14:08
I bet that was a long ass flight from Turkey to Argentina for him‚Ä¶  imagine the torture..,dragonbenj,118,0,2022-10-21 18:27:49
Lmao this Icardi drama is incredibly hilarious,rww07,718,0,2022-10-21 17:42:35
what did i just read lmaoo.  The fact that icardi got wanda and maxi's kids tattoo'd on his body will never stop making me laugh,ritwikjs,323,0,2022-10-21 17:54:45
"icardi would have been a inter and argentia legend if he never met wanda

damn, butterfly effect",PerformerRelevant465,651,0,2022-10-21 17:41:44
I wonder what his career could have been had he never fallen in with Wanda. He was an really such an incredible young striker back in the day,HippoBigga,60,0,2022-10-21 18:46:54
Que hacia l-gante en la front page de r/soccer jajajajjsjs cualquiera la timeline esta,Neltharion_99,96,0,2022-10-21 19:18:51
">rapper L-Gante

That guy is 22 years old lmao, what the fuck?",sanzhar1377,153,0,2022-10-21 18:07:13
Two extremely annoying people,midniteauth0r,37,0,2022-10-21 18:07:07
"[This is L-Gante, btw](https://i.scdn.co/image/ab6761610000e5eb7e855bc6b485248e6ecff613)

I think at that point I (millionaire professional footballer) might question why I even want to try to win her back.",aelfwine_widlast,35,0,2022-10-21 21:52:32
Both of them are truly terrible people. Feel bad for the kids.,gopackgo555,70,0,2022-10-21 18:18:27
Maxi L√≥pez has the last laugh.,elmagico777,27,0,2022-10-21 20:20:02
What the fuck?  Win her back after he saw her kissing another dude. Icardi sounds like an idiot,youssefuo,20,0,2022-10-21 18:48:41
"He's grovelling at her feet in the most undignified manner. Pretending they are still together in IG and he's ""popping up to visit her ;)"" while she publicly denies it and states they are through. The fact that she's ""dating"" (probably not, but playing it that way for tabloids) a very unattractive, ""ghetto peasant"" must hurt triple.

Maxi L√≥pez, on the other hand, is now [married to a knockout Swedish model.](https://s.yimg.com/ny/api/res/1.2/gt9DxrXid9jccL15nWjYYQ--/YXBwaWQ9aGlnaGxhbmRlcjt3PTY0MDtoPTQyNw--/https://s.yimg.com/uu/api/res/1.2/oNfdoLDfBoiAJ5s4.955MQ--~B/aD04NTM7dz0xMjgwO2FwcGlkPXl0YWNoeW9u/https://media.zenfs.com/es/lanacion.com.ar/358cd1d2611b6dac25a57cd52adc19b0)  Revenge is a dish served cold",CrastersKip,19,0,2022-10-21 22:19:39
They need a TV show just following their lives,Some_Man_Person,90,0,2022-10-21 17:39:36
Icardi is still mentally a child. A pampered one.,The_Great_Crocodile,77,0,2022-10-21 18:02:46
"I been hearing of this guys name for many years but its *always* non football, like I don't know the type of player he is, his style of play but I can tell you about his wife and nonsense no problem.

Aged 29 so peak years his over in Turkey when top European clubs need a striker, I doubt his on thier list.",TheWeirdDude-247,43,0,2022-10-21 18:04:55
Maxi Lopez W,Unlikely_Cockroach26,15,0,2022-10-21 21:04:58
These people do not seem real,[deleted],12,0,2022-10-21 18:15:39
This guy definitely gets pegged,MFLORES888,124,0,2022-10-21 17:39:56
"I can understand why an employer would be mad if an employee took off.  But what use is the employee when an event of this magnitude happens?  

It's like it makes no difference if they show up to work, or if they don't.  

I see jokes.  To us it's funny.  

But if this happened, you really aren't going to have sympathy for Icardi?",SOB200,48,0,2022-10-21 17:48:58
Wanda Nara is testament to what a pair of how far a pair of fake tits can get you in life,Aaaaand-its-gone,12,0,2022-10-22 00:11:11
Never marry a hoe,CrazyGenni,18,0,2022-10-22 00:47:31
"Beta Icardi, ffs",OldRule4845,12,0,2022-10-21 17:48:13
Woman moved on the moment Icardi stopped being a cash cow.,KSBrian007,28,0,2022-10-21 17:41:57
lol,MalevolentTapir,7,0,2022-10-21 17:46:24
What‚Äôs up with Wanda & these kids? L Ghante is 22yo.,Mr_Anderssen,7,0,2022-10-21 18:43:33
"she must be some insane fuck, not even that beautiful and doesnt look like a loveable person",Malicharo,6,0,2022-10-21 19:29:29
Nah Wanda must have that unbelievable wizards sleeve. These men be doing too much for her,c4keBoi,22,0,2022-10-21 20:49:37
"Wanda is the biggest scumbag in this saga, preyed on Icardi when he was young now doing it to L-Gante (lol)",tallfranklamp8,9,0,2022-10-22 00:22:21
"Slowly but surely, Mauro Icardi is finding out that Wanda Nara is a ho and a dick. Shouldn't have put a ring on it, dumbass",Redbullsnation,49,0,2022-10-21 17:40:09
So he found out that the woman who cheated with him is cheating again? Wow woulda thought a known terrible person will still do terrible things.,Sillysolomon,5,0,2022-10-21 18:27:54
Cant just galatasaray sue him and get rid of him without paying anything? These types of actions should be punishable.,cihanthehorse,5,0,2022-10-21 18:46:07
Reminder that this is the same Icardi who wrote an autobiography at like 23.,TimingEzaBitch,3,0,2022-10-22 00:22:57
She‚Äôs not even that good looking,p1zza0083,4,0,2022-10-22 13:41:52
Did everyone here already forgot he cheated on her like a year ago?,[deleted],5,0,2022-10-21 23:47:44
"his drama at Sampdoria is something memorable too. Wanda Nara used to be Maxi Lopez's wife, which is Icardi's team mates at Sampdoria. Somehow Icardi stole Maxi's wife, and now here we are.",leleleledumdum,8,0,2022-10-21 18:05:49
"Wanda is 35 and is dating a 22 year old rapper, weird to say the least",jkeefy,3,0,2022-10-21 19:10:21
Footballs Will Smith,OttmarHitzf3ld,4,0,2022-10-21 18:25:22
Shitty things happen to shitty people. Wanda will get hers soon enough. Literally trash cans of the football world these lot.,[deleted],5,0,2022-10-21 17:50:18
I have never seen a bigger simp than Icardi TBH,Wise_Ad9414,2,0,2022-10-21 18:21:35
I love karma. They deserve each other.,Nachtflug_NKT,2,0,2022-10-21 18:31:50
That‚Äôs one of the most cringiest videos I‚Äôve ever seen. Cringiest rapper(?) too,pjr2992,2,0,2022-10-21 18:37:18
so glad he's not our headache anymore jeez,Sneijder4BallondOr,2,0,2022-10-21 18:37:28
"Whatever that woman is doing to these men, I need it",[deleted],2,0,2022-10-21 18:50:21
keeping up with the icardis,theophanesthegreek,2,0,2022-10-21 19:34:27
Succubus,AmsterdamHooker,2,0,2022-10-21 20:36:15
"Have some self respect Icardi.

This is embarrassing",SpaNkinGG,2,0,2022-10-21 22:13:44
"Daaaaaaaamn boii..

That's HELLA messy",Saixcrazy,2,0,2022-10-21 22:50:30
This player sounds like quite the idiot.,JBlaze8778,2,0,2022-10-22 03:36:31
"Maxi Lopez: ""Well well well, how the turntables...""",musyarofah,2,0,2022-10-22 06:31:38
"Crazy to think he was one of the best strikers in the world with the potential to become a legend, yet he ended up washed in Turkey all because he used the wrong head to think",TheBonadona,2,0,2022-10-22 08:16:09
She makes Rebekah Vardy almost look sane.,No_Doubt_About_That,2,0,2022-10-22 10:58:47
"üòÇüòÇüòÇüòÇüòÇ security stopped him at the last point of contact like ‚Äúbro, you ain‚Äôt gotta DO this maaaan‚Äù",WoWoWoKid,2,0,2022-10-22 11:59:16
wait til torreira wants to leave in 4 months,yukpurtsun,2,0,2022-10-22 12:56:43
"He is ultimately in control of his actions, 100%.

But goddamn that woman has led that man down every poor decision in his career.",WineAndRevelry,2,0,2022-10-22 14:57:13
I see the incels of r/soccer are weighing in.,magnoliasmum,2,0,2022-10-22 16:17:08
I feel bad for the kids having to put up with these crazy people,Albiceleste_D10S,4,0,2022-10-21 18:23:48
Is icardi only now finding out that wanda is just as much a scumbag as he is lol,thefurnaceboy,3,0,2022-10-21 23:15:48
Simp,MutedLayer4564,4,0,2022-10-21 19:06:58
The ultimate simp,raff100,3,0,2022-10-21 20:53:53
Can't turn a hoe into a housewife,haithy,3,0,2022-10-21 21:49:39
Wanda is a cancer,International_System,2,0,2022-10-21 19:20:37
She seems like a through and through bad person,Looking4Maria,2,0,2022-10-21 19:43:11
What a disloyal woman. Shame on her.,LastUsernameLeftUhOh,2,0,2022-10-21 23:39:42
Biggest whore ever,Responsible_Word3856,2,0,2022-10-22 07:43:28
Icardi is a walking L.,S7ORM7ROOPER_30,2,0,2022-10-21 18:03:40
Bruh,Albiceleste_D10S,2,0,2022-10-21 18:16:40
"Wait, a cheating wife cheated?

It can't be!!!!",mannyrmz123,2,0,2022-10-21 19:44:43
Never chase a bitch.,dergodergo,2,0,2022-10-21 19:37:27
Can‚Äôt turn a hoe into a housewife.,Mboopi_11,2,0,2022-10-22 02:12:51
My daily dose of soap opera,Messiahcoool,1,0,2022-10-21 17:53:34
As messed up as her behavior in this situation is it‚Äôs hardly surprising considering how she started dating Mauro in the first place,cynical_gramps,1,0,2022-10-21 19:13:21
Name me a footballer more pussy whipped than Icardi,FUCK50C1ETY,1,0,2022-10-21 19:57:14
Never wife a hoe,peleinho,1,0,2022-10-22 07:42:41
Cringelord,Modalchemist,1,0,2022-10-21 18:32:32
I can't believe  0.75 mil euro we are paying for the guy is more than his worth. fuck me,Spiritual-Safe692,1,0,2022-10-21 19:07:25
She for the streets. Focus on yourself king üëë,bakazzy,1,0,2022-10-21 19:23:33
"They're both trashy.

Glad Inter got rid of them.",DonDove,1,0,2022-10-21 19:43:32
She belongs to the streets,bosnapower,1,0,2022-10-22 10:32:25
Perfect example of how a bad woman can be a man‚Äôs ultimate downfall. This is Karma. Icardi went from being one of the best goal scorers in the world to this.,Working-Sky1518,1,0,2022-10-22 15:21:08
She‚Äôs a toxic bitch,[deleted],0,0,2022-10-21 21:04:35
"This is why you marry a 6 that can cook and keep the home in order, while you run around.  Smarten up fellas.",EasilyOffended911,0,0,2022-10-22 12:21:59
What a HO.,SonnySideUp7,0,0,2022-10-21 19:04:37
"cant turn a hoe into a housewife

poor kids dont deserve this shit",Phenoxym,0,0,2022-10-21 19:05:34
I guess now we know what happens when you marry a hoooooeeeee (male or female),Dmartinez8491,0,0,2022-10-21 20:14:32
Wanda sounds like she suffers from narcissistic personality disorder. What a horrible person to leave 5 children behind for some d!ck,gianni_,0,0,2022-10-21 19:15:37
IMO it's another scripted drama to keep them in the news since their relevance is fading fast,juan_mvd,0,0,2022-10-21 19:22:19
"I keep reading Icardi as Carti, thinking what the hell this dudes up to",Suspicious-Army-2233,0,0,2022-10-21 19:33:50
First time ive actually looked her up and how the fuck is she a model?,AReptileHissFunction,0,0,2022-10-21 20:16:40
"L GANTE Q LO Q

CUMBIA 420 PA LOS NEGRO",monkeyr9z,0,0,2022-10-21 21:07:07
"**Mirrors / Alternative Angles** 
  

*I am a bot, and this action was performed automatically. Please [contact the moderators of this subreddit](/message/compose/?to=/r/soccer) if you have any questions or concerns.*",AutoModerator,1,0,2023-04-05 18:50:05
zaniolo to icardi at Galatasaray what timeline am I living in.,InterFAN04,28,0,2023-04-05 18:51:54
Still can't believe PSG are paying 80% of his salary just to get rid of him. üòÇ,turtlegoeshollywood,7,0,2023-04-05 19:25:46
Free money,TheExistence,27,0,2023-04-11 16:30:48
"sign that shit, then run",Kiwizqt,11,0,2023-04-11 17:21:40
"10m lol, 50m loss in less than 3 years",Flou99,16,0,2023-04-11 16:32:10
"10m plus the 9m saved in wages next season so 19m. Honestly think we can get much higher though, atleast 15-20m seems reasonable.",SeyamTheDaddy,6,0,2023-04-11 17:36:19
"Shit, if I were NAK my hands would be shaking in disbelief they‚Äôre going to take him off my hands. My signature would look like I was having a stroke‚Ä¶",aafrias15,6,0,2023-04-11 20:09:08
I love Galatasaray now,Jamon__Iberico,3,0,2023-04-11 19:09:27
Thank god. We‚Äôre almost free of him for good,WillyTrillEra,2,0,2023-04-11 21:04:18
"
20M seems more fair",haterzbalafray,2,0,2023-04-11 17:42:08
Big if true,osuneuro,1,0,2023-04-11 20:57:42
We need to try and get more,mrsaybassteeuh,-4,0,2023-04-11 16:35:45
"**Mirrors / Alternative Angles** 
  

*I am a bot, and this action was performed automatically. Please [contact the moderators of this subreddit](/message/compose/?to=/r/soccer) if you have any questions or concerns.*",AutoModerator,1,0,2023-04-14 18:31:28
"3 goals and 1 assist in the first half. What no Wanda does to a mfker.

I‚Äôm telling you, without a 3rd solid option behind Julian and Lautaro, this man deserves a national team redemption.",unArgentino,54,0,2023-04-14 18:36:31
I couldn't find a working stream for entire first half and look what I've missedüò°,IamEkremImamyan,14,0,2023-04-14 18:39:43
Hat-trick,Positive-Media423,3,0,2023-04-14 18:54:12
[deleted],[deleted],5,0,2023-04-14 18:43:24
"#####&#009;

######&#009;

####&#009;

> # [Wanda Nara volvi√≥ a mostrarse muy cerca de Mauro Icardi y crecen las versiones de una reconciliaci√≥n](https://www.infobae.com/new-resizer/HyK9-qrp73M8SXYCdNf6DA9o-a8=/1200x628/filters:format(webp\):quality(85\)//cloudfront-us-east-1.images.arcpublishing.com/infobae/6GLV5XN2KZBDHHH5BLBLATMF7I.jpg)
> 
>   
>   
> [Wanda Nara y Mauro Icardi](https://cloudfront-us-east-1.images.arcpublishing.com/infobae/6GLV5XN2KZBDHHH5BLBLATMF7I.jpg)
> 
> Wanda Nara y Mauro Icardi
> 
> La relaci√≥n entre [**Wanda Nara**](https://www.infobae.com/teleshow/2023/06/09/un-amigo-la-esta-pasando-mal-wanda-nara-rompio-el-silencio-tras-la-detencion-de-l-gante/)y [**Mauro Icardi**](https://www.infobae.com/teleshow/2023/06/06/el-reencuentro-emotivo-entre-wanda-nara-y-sus-hijas-y-el-frio-saludo-con-mauro-icardi/)suma, al parecer,[**una nueva reconciliaci√≥n**](https://www.infobae.com/deportes/2023/05/18/la-contundente-respuesta-de-mauro-icardi-sobre-los-rumores-que-lo-vinculan-a-boca-juniors/) despu√©s de muchas idas y vueltas. Desde que se conoci√≥ el affaire del jugador del Galatasaray con [**Eugenia** _**China**_ **Su√°rez,**](https://www.infobae.com/teleshow/2023/06/03/la-tajante-respuesta-de-la-china-suarez-a-una-seguidora-que-le-marco-las-estrias-en-una-foto/) la pareja no para de sorprender con rupturas abruptas y acuerdos mutuos.
> 
> El a√±o pasado cuando la empresaria regres√≥ al pa√≠s para cumplir con compromisos laborales, entre ellos conducir _Qui√©n es la m√°scara_, el ciclo de entretenimientos liderado por **Natalia Oreiro** por Telefe y tambi√©n llevar adelante las inauguraciones de sus locales de venta de su l√≠nea de cosm√©tica, **se mostr√≥ separada del pap√° de sus hijas Francesca e Isabella.** En esa oportunidad, Wanda viaj√≥ sola a Argentina, mientras sus cinco hijos quedaron al cuidado de Icardi, reci√©n instalado en ese momento en Turqu√≠a.
> 
> Durante la estad√≠a de la medi√°tica en el pa√≠s, se la vio muy cerca de [**L-Gante**](https://www.infobae.com/teleshow/2023/06/09/l-gante-envio-una-carta-manuscrita-desde-su-detencion-para-presentar-su-nueva-cancion/), con quien estableci√≥ un v√≠nculo de amistad, seg√∫n ellos mismos dijeron. Aunque se mostraron muy juntos, [nunca blanquearon una relaci√≥n de pareja](https://www.infobae.com/teleshow/2023/06/07/la-selfie-en-la-intimidad-de-mauro-icardi-con-wanda-nara-luego-del-frio-recibimiento-de-ella-en-su-llegada-a-la-argentina/)y se mantuvieron en la firme postura de ser solamente amigos. Sin embargo, Wanda protagoniz√≥ el videoclip que hab√≠a lanzado el m√∫sico de cumbia 420, lo que despert√≥ la ira del futbolista.
> 
> En aquella ocasi√≥n, desde Estambul, Mauro Icardi realiz√≥ un vivo a trav√©s de Instagram para explicar las razones por las que se encontraba distanciado de su esposa, y hasta le pidi√≥ que regrese lo antes posible. La empresaria hizo o√≠dos sordos a su reclamo aunque a los pocos d√≠as viaj√≥ a Turqu√≠a para reencontrarse con sus hijos y tambi√©n con su pareja.
> 
> [Wanda Nara y Mauro Icardi](https://cloudfront-us-east-1.images.arcpublishing.com/infobae/YNTWZSPQGFEZPJYZKIK67BR56Y.jpg)
> 
> Wanda Nara y Mauro Icardi
> 
> Una vez m√°s intentaron una reconciliaci√≥n con un viaje paradis√≠aco a las Islas Maldivas, los dos solos. Pero al regreso, a trav√©s de su abogada **Ana Rosenfeld**, Wanda **se encarg√≥ de desmentir que estuvieran de nuevo juntos**. Ya para fin de a√±o, la hermana de **Zaira Nara** viaj√≥ a Uruguay a pasar las fiestas con sus padres y sus hijos. Desde Punta del Este mostr√≥ el d√≠a a d√≠a de sus actividades junto a su hermana, hijos y sobrinos.
> 
> Luego regres√≥ a Europa y pas√≥ un tiempo junto a Icardi en familia, lo que hizo pensar en una nueva reconciliaci√≥n entre ellos. Pero **la paz de la pareja dur√≥ poco tiempo.** Hace aproximadamente un mes surgi√≥ el rumor de un nuevo romance del jugador, esta vez con una joven argentina, **Candela Lecce.** Al parecer, en uno de sus viajes a Argentina a visitar a Wanda que est√° instalada como conductora de Masterchef (Telefe), el futbolista habr√≠a aprovechado la tarde libre de un s√°bado para ir a buscar a la joven hasta Olavarr√≠a y regresar a Puerto Madero para pasar parte de la noche con ella en un apart hotel.
> 
> Ese episodio despert√≥ la furia de Icardi, quien neg√≥ los hechos aunque Candela mostr√≥ al aire de varios programas de televisi√≥n las capturas de los chats privados con el jugador de f√∫tbol. En ese momento, **Wanda anunci√≥ por medio de Instagram que se encontraba separada del padre de sus hijas.**
> 
> [Cuando Mauro Icardi viaj√≥ al pa√≠s, Wanda Nara lo recibi√≥ con un fr√≠o saludo (Instagram)](https://cloudfront-us-east-1.images.arcpublishing.com/infobae/XAXC4JNIANFENLIUAOH6NRV42Q.jpg)
> 
> Cuando Mauro Icardi viaj√≥ al pa√≠s, Wanda Nara lo recibi√≥ con un fr√≠o saludo (Instagram)
> 
> Durante un intercambio de preguntas y respuestas con sus seguidores, la medi√°tica se mostr√≥ junto a su hermana Zaira contestando todo lo que le consultaban. En un momento dado, una de los interrogantes fue si estaba separada y la ahora morocha contest√≥ contundente que ‚Äús√≠‚Äù.
> 
> As√≠ las cosas, Wanda continu√≥ en Argentina para seguir al frente del certamen de cocina y Mauro viaj√≥ a visitar a su familia. Por estas horas, la conductora **sorprendi√≥ con una publicaci√≥n** en sus historias de Instagram en la que se la puede ver junto a su marido, en un alto de las grabaciones de _Masterchef._ La imagen lo muestra al futbolista sentado en una banqueta alta y a la empresaria parada adelante suyo, mientras Mauro le quita comida de un diente. Entonces, la medi√°tica comparti√≥ esa foto con una frase que hab√≠a escrito una seguidora. **‚ÄúQuedate con el que te saque comida del diente. La tanga te la saca cualquiera‚Äù.**
> 
> _Seguir leyendo:_

  
  
  
- - - - - -

[Maintainer](https://www.reddit.com/user/urielsalis) | [Creator](https://www.reddit.com/user/subtepass) | [Source Code](https://github.com/urielsalis/empleadoEstatalBot)",empleadoEstatalBot,1,0,2023-06-11 00:19:02
"Que cansado me tiene esta dientona, desesperada x tener fama.",Temperaturacapital,9,0,2023-06-11 00:21:15
Que mina m√°s repugnante. Puta de mierda. Se la pasa de pinga en pinga..,Brilliant-League-602,7,0,2023-06-11 05:51:39
Esto s√≠ que es periodismo!!!,wuelhrypqadgxqtrqs,3,0,2023-06-11 04:53:55
A qui√©n se movera de Infobae? Le viven sacando notas como si a alguien le interesase que hace la termo esta.,ErgoMachina,3,0,2023-06-11 13:14:32
W,sarsourus,17,0,2023-05-12 16:01:48
Option to buy is horrible. So if he finally stays I injured and plays well they get him at a discount. And if he does poorly or gets injured we‚Äôre stuck with him.,mrsaybassteeuh,11,0,2023-05-12 16:34:33
"Please please please. If he performs just like Icardi, they‚Äôll buy him no doubt",Flou99,4,0,2023-05-12 15:52:26
If sanches leaves and Seko fofana come in I‚Äôll be happy,dantes_inferno101,5,0,2023-05-12 16:17:44
I am so fed up with Renato so many stupid footballers who don't know how to manage their career,ChetHolmgrenSings,2,0,2023-05-12 20:53:12
"please take him, get that fuck outta here....",iHATESTUFF_,2,0,2023-05-13 15:39:19
this is from a fenerbahce fan page spreading fake news,fuegoooalfredooo,15,0,2023-05-01 13:24:48
Not sure if I want the massive amounts of drama Icardi brings with him everywhere he goes tbh.,interprime,29,0,2023-05-01 13:10:23
"Hope this is fake because he's 30 years old, caused drama and is pretty lazy (which we all know Silva won't accept) and I doubt he'll settle for a low wage. We'd be stupid to spend 12 million on him",foyage347,8,0,2023-05-01 16:02:59
I‚Äôd rather have Vini as our backup for another year than this jabroni,Buddy9729,10,0,2023-05-01 13:52:41
This account (asmarcatr) has nothing to do with Marca the newspaper. The account is practically a Fenerbah√ße (Gala's rivals) account. They are not really pleased to see Icardi in the league against them.,ivegotpromisestokeep,4,0,2023-05-01 15:53:28
This doesn‚Äôt pass any smell tests.,BerryGrapeBeard,3,0,2023-05-01 15:39:50
I would not believe this as a source,benjowtm,2,0,2023-05-01 15:03:00
"We have done some deals with PSG in recent years (Areola, Kurzawa) but this doesn‚Äôt seem like the sort of character we‚Äôd go for. 

Good player in his day but comes with heaps of baggage. Can‚Äôt see him working well with Mitro either.",Craven123,2,0,2023-05-01 16:01:32
Please convince your managers so they don't stick their nose into our icardi love story. He is happy here. We will sign him fully from PSG during summer.,endi44,1,0,2023-05-01 16:12:50
2018 Icardi in this city team scores more than Haaland.,Begbie13,-5,0,2023-05-01 13:00:09
Thank God for Saudi clubs with more money than sense,SeyamTheDaddy,3,0,2023-06-11 14:20:08
"Hello /u/Cheekspreader321. Thank you for posting in r/DreamLeagueSoccer!

Have a quick question? Post to the [daily thread](https://www.reddit.com/r/DreamLeagueSoccer/?f=flair_name%3A%22Daily%20Thread%22) or join the [Discord](https://discord.gg/uMtYYpGaZB)!

Here are some useful links:
* [DLS Official Website](https://ftgames.com/games#games-dls)
* [DLS Frequently Asked Questions](https://support.ftgames.com/hc/en-us/sections/203117809-Dream-League-Soccer-FAQs)
* [Submit a Request to FTG](https://support.ftgames.com/hc/en-us/requests/new)
* [DLS 23 Players List](https://docs.google.com/spreadsheets/d/1AuL-pSBuFj10bQJu_BPb-QmUbFxw9OqH1M_4JODL9pM/)
* [Join us on Discord!](https://discord.gg/uMtYYpGaZB)


*I am a bot, and this action was performed automatically. Please [contact the moderators of this subreddit](/message/compose/?to=/r/DreamLeagueSoccer) if you have any questions or concerns.*",AutoModerator,1,0,2023-05-23 03:20:37
Wouldn't have counted in today's football. üóø,Local-Respect3672,2,0,2023-05-23 05:36:45
One question is he still in the game ü§î? I haven't seen him since dls 22,DLS23Player,1,0,2023-05-23 17:47:45
Just a not good day overall for everyone. Can‚Äôt win ‚Äòem all and can‚Äôt score in every game. Hopefully it‚Äôs a good lesson learned and it‚Äôs the much needed fuel we we need to relit that fire we had before the earthquakes.,gorgonizedbyurTITS,16,0,2023-03-17 20:01:13
üí© Performance,AvrupaFatihi,3,0,2023-03-17 19:39:46
"I know some of you guys hate stats but I love numbers so here is a fun (not so fun) fact:

Icardi had 0.56xG today and 0.61xG last game. That is 1.17xG.

Looking at data pre-earthquake break. He needed 0.7xG to score a goal.

So he would have scored 1 to 2 goals (more 2 than 1 [1.67])with the positions he had. 

You might say that this is just data normalizing itself, but quality players constantly over-perform their xG, and it passes the eye test that Icardi is far away from the player he was before the earthquake break.",thirdplanetperson,4,0,2023-03-17 19:42:29
"Icardi bu ma√ß harbiden k√∂t√ºyd√º, hoca daha erken oyundan almalƒ±ydƒ±",DarkCharizard81,2,0,2023-03-17 20:04:43
he'll score a hattrick next match. Mark my words.,HonorTaker,0,0,2023-03-17 22:37:18
good. get rid of both,kingfosa13,8,0,2023-04-24 20:41:27
I want him back. He was a smooth back up CB for us. Don‚Äôt forgot he won the most recent Afcon paired with Koulibali at CB.,for_fuckssake_,1,0,2023-04-25 07:33:42
sell em mid players,Imaginary-Director-8,1,0,2023-04-25 16:43:31
"**Mirrors / Alternative Angles** 
  

*I am a bot, and this action was performed automatically. Please [contact the moderators of this subreddit](/message/compose/?to=/r/soccer) if you have any questions or concerns.*",AutoModerator,1,0,2023-04-30 16:30:47
"Maybe we should sign this guy, looks like a striker with good movement and good finishing.

Perfect for us.",Broken_Pikachu,34,0,2023-04-30 16:35:34
"People trashing Icardi in the match thread. Here you fucking go. This is Icardi. No touches with no service, but when he does get it, it's done.",gabrimovic,14,0,2023-04-30 17:05:42
Icardi having a banging season,chippa93,12,0,2023-04-30 16:36:13
"**[Le Parisien]** Last year‚Äôs loft will be back this summer, meaning that players who are on the transfer list will train apart from the main team players.",ParisLake2,2,0,2023-06-12 12:25:08
I‚Äôm expecting this against UCL teams next season Haydi beyler you lot got me excited with this style of play.,BeautifulAlert5740,18,0,2023-05-16 23:31:43
"After this goal, fans started chanting for nelsson.

That was a really really good touch. A few weeks ago, szalai made a mistake in a similar ball, last week liverpool scored due to such a mistake as well.",samettinho,12,0,2023-05-17 04:40:12
"He‚Äôs on far too high of a salary, and after the Pastore debacle I‚Äôd rather not take the risk on him, especially given the clubs finances",PepFraudiolaCityfan,27,0,2023-04-04 20:41:03
Toxic in the locker room. Hard pass.,SerbianSock,26,0,2023-04-04 22:13:45
"This is a tough one.  I think 2 or 3 years ago yes. He has a killer instinct in the box his goal conversion rate is amazing.   

But this smells like another Belotti.   Sexy name 2 years overdue.  

I guess it depends on the wages and other options.",SPQR_Maximus,14,0,2023-04-04 21:14:43
"Sure, how much are they paying us to take on the burden?

/s (kind of)",Chricri3112,6,0,2023-04-04 22:53:53
Zaniolo will have poisoned him against Rome. baaaad move. Fuck his vibes and toxic attitude,Any-Succotash-7903,5,0,2023-04-05 01:28:50
Nope.,jarosity,5,0,2023-04-04 23:06:30
No!,Bey_Harbor_Butcher,5,0,2023-04-05 01:17:17
Nooooooooooooo,w1ldchild-,5,0,2023-04-05 01:23:01
si per Mauro e si per Wanda,SJRomanXI,2,0,2023-04-05 02:09:54
"He can come, for minimum wage and a 2y contract TOPS. We‚Äôre not the retirement home of Europe.",TeamPantofola,2,0,2023-04-05 08:44:31
"also galatasaray fan here, he's destroying it when he's focused. i'm all for it if we can make it happen financially. the trick is to keep him focused. well, mourinho...",tt_emrah,2,0,2023-04-04 21:22:46
No thanks. Shoot for Lukaku in the off-season.,ProsciuttoFresco,-4,0,2023-04-04 23:49:27
NO!,38arman62,1,0,2023-04-05 04:17:48
Fuck no.,Lemonmazarf20,1,0,2023-04-05 06:29:40
I hope he brings his wife,Silly-Land5168,1,0,2023-04-05 15:52:40
"UH, despite the high salary he's not a morally good guy.",Several-Lychee-3968,1,0,2023-04-06 06:56:20
"**Mirrors / Alternative Angles** 
  

*I am a bot, and this action was performed automatically. Please [contact the moderators of this subreddit](/message/compose/?to=/r/soccer) if you have any questions or concerns.*",AutoModerator,1,0,2023-04-14 17:53:07
Power of Friendship FC,Rigelmeister,13,0,2023-04-14 18:00:08
"If Icardi is done with Wanda. We can actually sign him, he would fit right in our squad. He is amazing finisher but only problem is his private life.",mephobia88,13,0,2023-04-14 17:53:47
Video loading fine for everyone else?,Joe_AM,1,0,2023-04-14 18:02:30
"**Mirrors / Alternative Angles** 
  

*I am a bot, and this action was performed automatically. Please [contact the moderators of this subreddit](/message/compose/?to=/r/soccer) if you have any questions or concerns.*",AutoModerator,1,0,2023-04-14 18:14:41
None of the streamja uploads are loading here u/Meladroite,Joe_AM,6,0,2023-04-14 18:23:22
the man is happy,Positive-Media423,4,0,2023-04-14 18:18:46
Literally from as marca TR.. a fener fanpage if you scroll down a bit,fuegoooalfredooo,32,0,2023-05-01 13:24:23
Yenilgi sonrasi boyle sahte haberler hep yapilir ciddiye almayin,blues_cfc,19,0,2023-05-01 14:04:06
Oh fuck off PL teams,AvrupaFatihi,8,0,2023-05-01 13:18:50
This marcatr is like a troll account. They had bunch of balloon news last transfer season. I think it is created in the summer as well.,turk-fx,7,0,2023-05-01 14:36:12
"The guy is worshiped here, certain to be a starter even if he breaks up with Wanda again and leaves for 3 months, he'll be paid full salary and Galatasaray will have guaranteed ticket to Europe unlike Fulham.

So calm down everyone he'll most likely come back unless some true big dog team gives him a starter CF position.",ShitassAintOverYet,4,0,2023-05-01 15:14:14
Retardbah√ße fan account jerking of to our reactions. Nothing else,OkBuddyErennary,3,0,2023-05-01 16:39:52
"@fulham, he is really bad. Now he is kinda back with wanda, things are even worse. It is waste of money. There is valencia and diagne in the league. Get them.",samettinho,3,0,2023-05-01 13:23:33
"He would never go to fulham, like they don't even play for the title.",JaxTellerr,2,0,2023-05-01 14:11:04
"Fake news.

According to the Webster Rule no one needs to pay more than Icardi's last year wage.",ackopek,2,0,2023-05-01 16:02:11
@mods?,Strawhat-dude,2,0,2023-05-01 20:53:28
"Makes no sense to me, especially considering they already have Mitrovich.",gurkaniyan,2,0,2023-05-02 08:29:47
marca √ßok sallanacak bir kaynak deƒüil:),erkankavas,1,0,2023-05-01 18:54:28
Bu asmarcatr denen orospu evladƒ± nasƒ±l bu kadar √ßok yabancƒ±dan ciddi bir haber kaynaƒüƒ±ymƒ±≈ü gibi reaksiyon alabiliyor?,IamEkremImamyan,1,0,2023-05-01 19:53:44
"Belani sikerim Fulham, Siktir git",Mehmet91,1,0,2023-05-02 11:22:57
"**Mirrors / Alternative Angles**  
  

*I am a bot, and this action was performed automatically. Please [contact the moderators of this subreddit](/message/compose/?to=/r/soccer) if you have any questions or concerns.*",AutoModerator,1,0,2023-02-01 20:10:10
"13 G/A in 11

Wish we could keep him :/",kuboa,59,0,2023-02-01 20:36:58
That woman was holding him back,eescobar863,40,0,2023-02-01 20:55:56
"People trashing Icardi in the match thread. Here you fucking go. This is Icardi. No touches with no service, but when he does get it, it's done.",leirbag_yballul,28,0,2023-02-01 21:10:37
He also scored a panenka today too,mykneehurtsss,20,0,2023-02-01 21:17:48
Seeing him go at end of the season will hurt so muchüò£,IamEkremImamyan,15,0,2023-02-01 21:31:38
Great goal,K-eleven,13,0,2023-02-01 20:28:07
"Cross by our left footed LCB btw, amazing.",thirdplanetperson,9,0,2023-02-01 22:13:21
This is the first thing he has done for GS but unfortunately it is basically enough to ensure we are embarrassed in CL next year... sigh.,FootyFactsDaily,-45,0,2023-02-01 20:32:53
Easily the S√ºper Lig striker GOAT,felatun,1,0,2023-02-03 14:31:19
M,thirdplanetperson,5,0,2023-01-21 18:54:39
Fenerbahce's husband,SavasGER,7,0,2023-01-21 22:00:06
FUCKER,tryomau,2,0,2023-01-21 19:18:10
üßøüßøüßø,tinercifatih,1,0,2023-01-21 20:33:16
Top two vehicle based strikers for sure,Mysterious_Shoe8404,20,0,2023-02-26 20:37:25
Immobile,Used-Produce-3491,11,0,2023-02-26 20:34:51
"For a one-off match (or tournament), both in equal form, I choose Icardi.

For one or more seasons, I‚Äôd choose Immobile for his superior consistency and longevity",CoryTrevor-NS,7,0,2023-02-26 21:04:36
"The best Icardi was better than the best Immobile, but Ciro has been way more consistent",PepeWatt22,6,0,2023-02-27 00:14:35
immobile,ZucchiniMediocre3585,2,0,2023-02-26 23:44:21
The one who isn't a prick and cheated with his teammates wife,XxannoyingassxX,1,0,2023-02-27 16:27:20
Aren‚Äôt they the same player?,savva1995,1,0,2023-02-27 07:59:17
immobile,ramos99999999,1,0,2023-02-27 14:51:33
At stealing wives Icardi at football Immobile,AltF4irl,1,0,2023-02-27 20:28:42
